stationReference,stationName,latitude,longitude
000008,Rainfall station,53.480556,-1.441674
000028,Rainfall station,53.500289,-1.673575
000075TP,Rainfall station,51.084022,-0.214597
000076TP,Rainfall station,51.701508,-0.747539
000180TP,Rainfall station,51.618838,0.173236
000181TP,Rainfall station,51.730021,0.040992
000182TP,Rainfall station,51.885257,-0.156869
000900,Rainfall station,55.591879,-1.854785
000997,Rainfall station,55.58067,-1.645446
003066,Rainfall station,55.350136,-2.171067
003232,Rainfall station,55.312483,-1.909373
004942,Rainfall station,55.347002,-1.630189
005588,Rainfall station,55.174997,-1.521877
005782,Rainfall station,55.154354,-1.944254
006077,Rainfall station,55.207377,-2.040032
006403,Rainfall station,55.237908,-1.918977
007292,Rainfall station,55.033951,-1.969453
008062,Rainfall station,55.132825,-1.538065
008632,Rainfall station,55.047076,-1.446712
008850,Rainfall station,55.255608,-2.540374
010312,Rainfall station,55.143004,-2.375693
010660,Rainfall station,55.320859,-2.396284
013045,Rainfall station,54.742208,-2.378185
0130TH,Ewen,51.674733,-1.9904
013336,Rainfall station,54.774946,-2.516845
013553,Rainfall station,54.820161,-2.445834
013878,Rainfall station,54.871077,-2.52275
0144TH,Somerford Keynes,51.650724,-1.973061
014555,Rainfall station,54.97002,-2.500603
015347,Rainfall station,54.804602,-2.221644
0155TH,Oaksey,51.632205,-2.007169
016140,Rainfall station,54.960162,-2.160033
017220,Rainfall station,55.01952,-1.881881
017651,Rainfall station,55.000299,-1.68497
0184TH,Purton Stoke,51.61322,-1.87404
018777,Rainfall station,54.860973,-1.670477
0190TH,Cricklade,51.646694,-1.865536
019271,Rainfall station,55.033344,-1.614307
021028,Rainfall station,54.938987,-1.393566
021228,Rainfall station,54.747962,-2.235316
022013,Callerton Lane,55.049407,-1.741713
022163,Rainfall station,54.761631,-1.902834
022994,Rainfall station,54.624106,-1.870637
023164,Rainfall station,54.610418,-1.740626
023839,Rainfall station,54.829815,-1.807716
025394,Rainfall station,54.894495,-1.489343
025878,Rainfall station,54.823818,-1.36572
026090,Rainfall station,54.760776,-1.340287
0260TH,Cirencester,51.724451,-1.972293
026297,Rainfall station,54.701508,-1.198486
026644,Rainfall station,54.656189,-2.285935
026958,Rainfall station,54.683225,-2.252002
0278TH,South Cerney,51.673897,-1.934146
028185,Rainfall station,54.560368,-1.983723
028502,Rainfall station,54.504568,-2.141258
0290TH,Cerney Wick,51.665333,-1.891795
030377,Rainfall station,54.526112,-1.506309
0311TH,Rushey Platt,51.553565,-1.803214
031555,Rainfall station,54.469846,-1.099639
0319TH,Rodbourne,51.571821,-1.816698
0323SO,Rainfall station,51.246536,0.022379
032822,Rainfall station,54.633845,-1.480219
033108NE,Rainfall station,54.543358,-1.201588
034091,Rainfall station,54.596104,-1.039588
034459,Rainfall station,54.518191,-0.964175
035024NE,Rainfall station,54.505434,-0.84558
0350TH,Rainham Main FD,51.500306,0.181352
035103,Rainfall station,54.541989,-0.815179
035302,Rainfall station,54.517093,-0.752561
035305,Rainfall station,54.486239,-0.724171
035488,Rainfall station,54.438313,-0.976984
036225,Rainfall station,54.344552,-0.754715
036487,Rainfall station,54.408361,-0.754323
036704,Rainfall station,54.434842,-0.550006
037239,Rainfall station,54.27325,-0.422074
037292,Rainfall station,54.204227,-0.30358
037973,Rainfall station,54.297778,-1.167931
038476,Rainfall station,54.107252,-0.128568
0390TH,Water Eaton,51.64017,-1.826539
039163,Rainfall station,54.100377,-0.208409
039268,Rainfall station,54.04064,-0.241524
040492,Rainfall station,53.6913,-0.031959
040752,Rainfall station,53.983799,-0.227143
041238,Rainfall station,53.867134,-0.367439
041917,Rainfall station,53.805201,-0.309101
043533,Rainfall station,53.999217,-0.43093
046222,Rainfall station,53.719928,-0.676248
0470TH,Ampney St Peter,51.710647,-1.889951
047281,Rainfall station,54.275194,-2.263325
047439,Rainfall station,54.31489,-2.180572
0490TH,Sheeppen Bridge,51.654587,-1.849612
049902,Rainfall station,54.130296,-1.656404
0503SO,Stonebridge,51.132785,0.453941
051250,Rainfall station,54.379686,-2.105419
051729,Rainfall station,54.413883,-1.988402
052287,Rainfall station,54.409101,-1.735735
0530TH,Whetstone Bridge,51.667039,-1.816893
053532,Rainfall station,54.318976,-1.637925
054371,Rainfall station,54.419203,-1.515299
054507,Rainfall station,54.382707,-1.394093
054604,Rainfall station,54.32908,-1.456389
055002_TG_301,Belmont,52.045084,-2.752202
055003_TG_316,Lugwardine,52.061919,-2.659977
055013_TG_326,Titley Mill,52.220498,-2.984666
055014_TG_306,Byton,52.276841,-2.932709
055018_TG_327,Yarkhill,52.081299,-2.563805
055021_TG_305,Butts Bridge,52.226571,-2.730348
055027_TG_328,Sandford Bridge,51.928793,-2.524006
055028_TG_9302,Bishops Frome,52.137017,-2.488532
055031_TG_329,Three Elms,52.069153,-2.743532
055040,Bromyard,52.191185,-2.501355
055041,Ford Bridge LVL,52.191958,-2.718663
055223,Rainfall station,54.364209,-1.297407
055807_TG_320,Hereford Bridge,52.051748,-2.720173
055811_TG_9303,Bredwardine,52.096497,-2.969481
055816_TG_319,Mordiford,52.026391,-2.629867
055817_TG_323,Ross On Wye,51.915339,-2.587573
055L010SG,Eardisland,52.223407,-2.851042
055R0521E_TG_326,Rainfall station,52.221039,-2.984386
056505,Rainfall station,54.073241,-1.337477
0569TH,Hannington Bridge,51.663588,-1.749677
057426,Rainfall station,54.18467,-1.901124
058461,Rainfall station,53.979278,-1.646973
059793,Rainfall station,53.966652,-1.115089
060947,Rainfall station,54.218703,-2.195488
061431,Rainfall station,54.163943,-2.152346
062046,Rainfall station,54.071438,-1.913617
0630TH,Fosse Bridge,51.799654,-1.885239
063518,Rainfall station,53.876425,-1.532241
0655TH,BIBURY SPRINGS AT BIBURY (TROUT FARM),51.761338,-1.835711
0657TH,BIBURY SPRINGS AT BIBURY (SWAN HOTEL),51.761248,-1.835566
0660TH,Bibury,51.754535,-1.825522
0680TH,Fairford,51.709394,-1.783971
068416,Rainfall station,,
068762,Rainfall station,54.368186,-0.974109
0701TH,St Johns Lock,51.68931,-1.678796
070365,Rainfall station,54.244415,-0.80684
0710TH,Lower Stratton,51.569689,-1.735909
0712TH,Kestrel Drive,51.563545,-1.722961
0730TH,Westmill Bridge,51.616448,-1.666745
073422,Rainfall station,54.100116,-2.164345
074108,Rainfall station,53.911448,-2.098144
074329,Rainfall station,53.986087,-1.999194
074385,Rainfall station,53.947438,-2.020525
0744SE,Rainfall station,51.266892,0.857627
074924,Rainfall station,53.829697,-1.976406
075233,Rainfall station,53.79732,-1.924807
076204,Rainfall station,53.787777,-1.627332
076413,Rainfall station,53.83349,-1.58894
077066,Rainfall station,53.70469,-2.135531
077256,Rainfall station,53.798228,-2.056887
077336,Rainfall station,53.77754,-2.084173
077800,Rainfall station,53.636457,-2.005248
077836,Rainfall station,53.657107,-1.925056
077952,Rainfall station,53.772138,-1.90361
078530,Rainfall station,53.592394,-1.929702
078772,Rainfall station,53.552738,-1.824111
078922,Rainfall station,53.60567,-1.766463
0790TH,Inglesham,51.670899,-1.700313
079621,Rainfall station,53.698015,-1.667505
080282,Rainfall station,53.679365,-1.478411
082509,Rainfall station,53.367029,-1.59795
082672,Rainfall station,53.324572,-1.539797
082732,Rainfall station,53.352459,-1.545506
083280,Rainfall station,53.194682,-1.434915
083534,Rainfall station,53.250698,-1.498624
084532,Rainfall station,53.366844,-1.351488
085322,Rainfall station,53.571934,-1.588459
085960,Rainfall station,53.527019,-1.385249
086575,Rainfall station,53.591095,-1.271011
0890TH,Lechlade,51.692891,-1.672984
0898TH,Buscot Lock,51.68119,-1.668729
0901TH,Grafton Lock,51.690894,-1.607898
0902TH,Radcot Lock,51.699764,-1.573094
0903TH,Rushey Lock,51.698716,-1.534037
0904SO,Vexour Bridge,51.189651,0.160853
0904TH,Shifford Lock,51.70718,-1.465193
0911TH,Clanfield,51.719421,-1.588977
0913TH,Bampton,51.72466,-1.54887
0924SE,Rainfall station,51.251014,1.322456
0925SE,Rainfall station,51.207877,1.383789
1003SO,West Gate Gardens,51.280821,1.073832
1020TH,Bourton Windrush,51.886693,-1.767911
1023SE,Rainfall station,51.294661,1.108973
1029TH,Bourton Dickler,51.874767,-1.740083
1040,Rainfall station,52.309441,-1.774803
1045,Rainfall station,52.362576,-1.508732
1080TH,Worsham,51.793689,-1.564378
1082,Rainfall station,52.186855,-1.418519
1082TH,Witney,51.789786,-1.484269
1086,Rainfall station,52.174506,-1.736002
1087,Rainfall station,52.067173,-1.611177
1090_w1TH,Newbridge Weir A,51.713499,-1.420988
1090_w2TH,Newbridge Weir B,51.713499,-1.420988
1099TH,Northmoor Lock,51.716858,-1.374624
1100TH,Farmoor,51.757544,-1.366384
1102TH,Pinkhill Lock,51.761748,-1.362413
1112,Rainfall station,51.684691,-2.162673
1113,Rainfall station,51.799795,-2.148586
1113SO,Sellindge,51.099225,1.00828
1119,Rainfall station,52.031946,-2.435056
1121,Rainfall station,52.718322,-2.717219
1140,Rainfall station,51.875411,-2.019556
1141,Rainfall station,51.777374,-2.093434
1155,Rainfall station,52.417004,-1.12584
1165,Rainfall station,52.205609,-1.605581
1201,Rainfall station,52.343809,-1.955178
1201TH,Eynsham Lock,51.774692,-1.356854
1208TH,Moreton,51.988876,-1.697906
1210TH,Evenlode Bridge,51.95095,-1.679842
1236TH,Littlestock Brook (Temporary),51.865237,-1.618104
1238TH,Shipton,51.861678,-1.594363
1285SO,Black Bull Road,51.085655,1.177662
1289TH,Woodstock,51.864215,-1.356609
1290_w1TH,Cassington Weir A,51.786053,-1.351198
1290_w2TH,Cassington Weir B,51.786053,-1.351198
1301TH,Kings Lock,51.789307,-1.306931
1302TH,Godstow Lock,51.776669,-1.298428
1303TH,Osney Lock,51.74909,-1.272781
1331,Rainfall station,52.596394,-2.471631
1332,Rainfall station,52.589321,-2.78744
1335,Rainfall station,52.863499,-3.123644
1339,Rainfall station,52.718219,-2.570654
1387,Rainfall station,52.424304,-3.172736
1408TH,Woodford Halse,52.167771,-1.212815
1409,Rainfall station,52.59735,-3.029712
1412,Rainfall station,52.47914,-2.975413
1413,Rainfall station,52.325619,-2.226643
1414TH, Huscote FAS,52.08027,-1.319158
1415TH,Hardwick FAS,52.081936,-1.321103
1416TH,Cropredy Bridge,52.114915,-1.315184
1420TH,Banbury,52.066379,-1.333286
1431TH,Bloxham,52.017279,-1.380792
1437TH,Bodicote,52.028582,-1.326852
1453TH,Heyford Bridge,51.920573,-1.306366
1460_w1TH,Enslow Weir A,51.861393,-1.30321
1460_w2TH,RIVER CHERWELL  AT  ENSLOW,51.861438,-1.303137
1465TH,Thrupp,51.840425,-1.30005
1471TH,Grendon Underwood,51.884491,-1.012852
1483TH,Lower Arncott,51.861059,-1.119228
1484TH,Langford Village,51.895439,-1.13585
1486TH,Wendlebury,51.874246,-1.18499
1489TH,Islip,51.819783,-1.242178
1490TH,Oxford Botanical Gardens,51.750579,-1.24661
1491TH,Kings Mill,51.756247,-1.238765
1501TH,Iffley Lock,51.72955,-1.239792
1502TH,Sandford-on-Thames,51.708312,-1.232825
1503TH,Abingdon Lock,51.670388,-1.268257
151816001,Romsey Broadlands Estate,50.968109,-1.497147
1552,Rainfall station,52.541438,-2.193841
1602,Rainfall station,52.05292,-2.737138
1603,Rainfall station,52.224678,-2.731196
1606,Rainfall station,51.952233,-2.735485
1635TH,Minns Estate,51.753242,-1.290099
1645TH,New Botley,51.752648,-1.281126
1674TH,Hinksey Lake (Temporary),51.740477,-1.259957
1675TH,Cold Harbour,51.730973,-1.251352
1679TH,Abingdon,51.684602,-1.282696
1681TH,Abingdon Peachcroft,51.683092,-1.268125
1687,Rainfall station,52.016552,-2.653481
1712,Rainfall station,52.639137,-2.325793
1713,Rainfall station,52.84224,-2.872181
1740,Rainfall station,52.392235,-1.324715
1745TH,Stanford Vale,51.632965,-1.505814
1747,Rainfall station,52.806646,-2.49764
1748,Rainfall station,52.481743,-2.579368
1756TH,Wantage,51.588848,-1.431205
1757TH,Charney Bassett,51.64711,-1.451462
1760,Rainfall station,52.140634,-1.974376
1761,Rainfall station,52.051393,-1.762976
1761TH,Letcombe Bassett,51.565511,-1.460667
1769,Rainfall station,52.199933,-2.097246
1770,Rainfall station,52.288216,-1.222206
1771,Rainfall station,52.911156,-2.637129
1771TH,Letcombe Regis,51.571482,-1.449342
1773,Rainfall station,52.222319,-2.17488
1774,Rainfall station,52.338976,-2.542273
1790TH,Abingdon,51.666656,-1.305189
1792,Rainfall station,52.307409,-2.728158
1793,Rainfall station,52.518531,-2.881966
1794,Rainfall station,51.87509,-2.275208
1796TH,Steventon,51.621195,-1.323534
1799TH,Culham Lock,51.6506,-1.267131
1801TH,Clifton Lock,51.648617,-1.210808
1812,Rainfall station,51.89986,-2.41343
1813,Rainfall station,51.749956,-2.336734
1814,Rainfall station,52.481443,-1.558947
1817,Rainfall station,52.708345,-2.980518
1819,Rainfall station,52.178577,-2.411624
1822SO,Rainfall station,50.811276,0.219288
1899TH,Days Lock,51.638206,-1.179444
1904TH,Rowsham Bridge,51.850671,-0.772585
1911TH,Aylesbury Thame,51.826251,-0.856541
1919TH,Bearbrook FD,51.819387,-0.786131
1922TH,Weston Turville,51.78506,-0.75797
1923TH,Stocklake FD,51.824471,-0.789114
1925TH,Aylesbury,51.817792,-0.801624
1930,Rainfall station,52.080849,-2.563945
1930TH,Cuddington,51.795602,-0.944321
1961TH,Thame Bridge,51.753138,-0.982253
1980TH,Wheatley,51.740637,-1.115198
1984TH,Chalgrove,51.663282,-1.075268
1990TH,Stadhampton,51.675126,-1.132094
1993TH,Dorchester,51.641035,-1.163757
1995TH,Ewelme,51.619653,-1.073786
2001,Bewdley,52.383563,-2.322438
2001TH,Benson Lock,51.617191,-1.116011
2002,Evesham,52.092165,-1.942876
2002SO,SHERMAN BRIDGE GS,50.82568,0.175071
2002TH,Cleeve Lock,51.529995,-1.135937
2003TH,Goring Lock,51.523317,-1.141252
2004,Stoneleigh LVL,52.354922,-1.514617
2004TH,Whitchurch Lock,51.486605,-1.088869
2005,Montford,52.724474,-2.872198
2008,Tenbury,52.313207,-2.591539
2010,Alscot Park,52.153735,-1.697245
2011,Harford Hill,52.255374,-2.193909
2012,Walcot,52.706629,-2.60558
2015,Besford Bridge,52.114425,-2.108012
2016,Rodington,52.723597,-2.609812
2017,Wedderburn Bridge,51.909034,-2.32673
2018,Hookagate,52.678113,-2.791698
2019,Stareton,52.340881,-1.512833
2020,Yeaton,52.76777,-2.839715
2020TH,Blewbury,51.573061,-1.233747
2023,Offenham,52.100775,-1.910164
2024,Burcote,52.555203,-2.376056
2027,Ebley Mill,51.740019,-2.24687
2029,Knightsford Bridge,52.198971,-2.389281
2032,Saxons Lode,52.049661,-2.200744
2034,Oak Cottage,52.385318,-2.337878
2036,Hinton On Green,52.064842,-1.966688
2038,Llanyblodwel,52.794313,-3.110292
2039,Newnham Bridge,52.32,-2.523849
2040,Tibberton,52.781029,-2.474812
2046,Cosford Ww RAIN,52.639315,-2.326238
2048,Wellesbourne,52.197687,-1.602579
2049,Leamington Pdw LVL,52.286203,-1.549042
2050,Eathorpe,52.316208,-1.431466
2052,Ternhill (Bailey Brook),52.879618,-2.55338
2054,Onibury,52.405995,-2.80328
2057,Haw Bridge,51.948918,-2.227065
2063,Prestwood LVL,52.473154,-2.197148
2067,Swindon,52.51274,-2.205945
2071,Ashleworth,51.922936,-2.265002
2077,Welsh Bridge,52.709797,-2.75808
2083,Stourbridge,52.457997,-2.140347
2084,Stourton,52.461315,-2.207471
2085,Diglis,52.179799,-2.225461
2086,Bransford,52.177055,-2.28833
2087,Mythe Bridge,52.00171,-2.163093
2088,Lilbourne,52.395138,-1.173153
2090,Rugby,52.38548,-1.26252
2091,Warwick,52.284932,-1.562658
2092,Shipston,52.062264,-1.622014
2093,Stratford,52.191595,-1.70123
2094,Studley,52.274092,-1.88959
2095,Little Alne,52.247533,-1.793996
2097,Pershore,52.10744,-2.07193
2098,Upper Pound,51.998663,-2.155508
2102,Minsterworth,51.850206,-2.336612
2102SO,Rainfall station,51.105481,0.116212
2104,Broom,52.180399,-1.87505
2107,Knighton,52.344778,-3.043943
2117,Churchover,52.421794,-1.255694
2124,Parkend,51.764493,-2.556805
2125,Castle Foregate,52.714919,-2.749968
2128,Bredon,52.03494,-2.116566
2129,Holyhead Road,52.417908,-1.54648
2131,Shelley Close,52.211373,-2.215962
2132,Leintwardine,52.359087,-2.876144
2133,Wyre Piddle,52.126787,-2.056054
2134,Buildwas,52.636354,-2.524962
2139,Charlton Kings,51.885938,-2.052672
2140TH,Frilsham,51.453438,-1.228555
2150TH,Bucklebury,51.435635,-1.201665
2153,Epney,51.797035,-2.348106
2165,Gloucester,51.864982,-2.252201
2169,Ludlow Corve,52.381603,-2.724237
2170,Crudgington,52.754258,-2.534083
2175,Crew Green,52.735739,-2.994315
2180,Bridgnorth,52.534933,-2.415835
2180TH,Tidmarsh,51.468325,-1.08539
2188,Leigh Court,51.926224,-2.197575
2190TH,Pangbourne,51.484688,-1.087539
2195,Sharpness,51.717437,-2.482837
2195TH,Sulham,51.462237,-1.077263
2199TH,Mapledurham Lock,51.486033,-1.039654
2200,Wimpstone,52.141002,-1.689543
2200TH,Reading,51.461325,-0.967884
2201TH,Caversham Lock,51.460811,-0.963635
2204TH,Winterborne Monkton,51.450901,-1.859793
2205,Brimscombe,51.724364,-2.200326
2206,Merrywalks LVL,51.746918,-2.217953
2207,Hall Green Road,52.440197,-1.475212
2209,Longford,52.446651,-1.487391
2210TH,Marlborough,51.416287,-1.732479
2213,"Hope Street, Coventry",52.40689,-1.522294
2215,Sir Henry Parkes Road,52.39358,-1.551005
2216,Torrington Avenue,52.396604,-1.591684
2218,Charterhouse Bridge,52.401988,-1.495801
2219TH,Poulton Farm,51.427238,-1.724504
2223,College Road,51.896062,-2.069746
2225,Bodiam Avenue,51.832287,-2.270144
2226,Slad Road,51.747599,-2.214291
2227,Tenbury,52.309779,-2.59384
2228,Sutton Bridge,52.298087,-2.55805
2230TH,Knighton Main,51.437409,-1.576981
2232TH,Knighton Side,51.436872,-1.577706
2239TH,Hungerford Dun,51.414788,-1.539372
2241TH,Hungerford Shalbourne,51.412847,-1.526019
2250TH,Newbury,51.401605,-1.323874
2251TH,Lambourn,51.508084,-1.530219
2254TH,Eastbury Flood Control Structure,51.497183,-1.511619
2255,Bosbury,52.08804,-2.446839
2258,The Causeway,51.824551,-2.297854
2261,Zoons Court,51.868901,-2.196147
2262,Zoons Court Flood Storage,51.868695,-2.195623
2264TH,Bagnor,51.422436,-1.350461
2265,Farley Bridge LVL,52.664358,-2.905911
2267,Puxton,52.394519,-2.253581
2268,Kingscroft Road,51.85196,-2.18652
2269,Shepherd Road,51.835524,-2.26623
2270,Field Court Drive,51.819013,-2.28698
2270_w1TH,Shaw,51.411884,-1.321048
2272,Armscroft Place,51.863183,-2.221361
2273,India Road,51.856617,-2.227456
2275,Egypt Mill,51.697286,-2.218553
2275TH,Kingsclere,51.325621,-1.249358
2276,Sandford Park LVL (Chelt),51.893887,-2.068696
2277,Cheyney Close,51.848593,-2.220433
2279TH,Brimpton,51.379146,-1.185549
2293TH,Beech Hill,51.385195,-1.002649
2298TH,Blakes Lock,51.456172,-0.954614
2301TH,Sonning Lock,51.473138,-0.917727
2302TH,Shiplake Lock,51.501042,-0.886307
2320,Lydbrook,51.85366,-2.578653
2321SO,Rainfall station,50.83729,-0.377415
237740TP,Rainfall station,51.600133,0.258985
238605TP,Rainfall station,51.722932,0.136235
238777TP,Rainfall station,51.736595,0.223782
238944TP,Rainfall station,51.677024,0.235326
239258TP,Rainfall station,51.664377,0.040933
239374TP,Rainfall station,51.575345,0.041271
239579TP,Rainfall station,51.527809,0.085279
2401TH,Pyotts Bridge,51.278294,-1.045224
240201TP,Rainfall station,51.884151,-0.454782
240350TP,Rainfall station,51.813497,-0.287465
240470TP,Rainfall station,51.775264,-0.196143
240662TP,Rainfall station,51.937159,-0.384591
2406TH,Chineham,51.296962,-1.056426
240816TP,Rainfall station,51.873475,-0.269208
2409TH,Longbridge Mill,51.3188,-1.019874
241243TP,Rainfall station,51.950719,-0.145455
241790TP,Rainfall station,51.871184,-0.064476
241961TP,Rainfall station,51.97304,-0.025147
2419TH,Tongham,51.237339,-0.736289
2420_w1TH,Sheepbridge Weir Mill Stream,51.381826,-0.966655
2420_w2TH,Sheepbridge,51.381826,-0.966655
2421TH,RIVER LODDON AT SHEEPBRIDGE FLUME,51.38187,-0.966582
2423TH,Cove Hazel Avenue,51.291321,-0.774462
2425,Bodiam Avenue Relief Channel,51.832287,-2.270144
242534TP,Rainfall station,51.807828,-0.03963
2427TH,Farnborough,51.29741,-0.739058
242819TP,Rainfall station,51.827809,0.054118
243045TP,Rainfall station,51.965517,0.147752
243131TP,Rainfall station,51.897439,0.182296
2431TH,Blackwater Bridge,51.330889,-0.775604
2432TH,Mayfield Road,51.306404,-0.772253
243543TP,Rainfall station,51.866534,0.247617
2435TH,Eversley,51.356292,-0.888384
243679TP,Rainfall station,51.805204,0.20975
244027TP,Rainfall station,51.769108,0.016666
2442TH,Lodge Farm,51.263973,-0.950093
244569TP,Rainfall station,51.727077,-0.10539
245176TP,Rainfall station,51.588712,-0.112596
2451TH,Crondall Pond,51.232867,-0.864146
2453TH,Redlands Lane,51.237321,-0.859739
2455TH,Crookham Village,51.262934,-0.867562
2458TH,Bramshill,51.32671,-0.917374
246424TP,Rainfall station,51.501145,-0.205547
246726TP,Rainfall station,51.610639,-0.312441
246847TP,Rainfall station,51.569374,-0.257694
2469_w1TH,Swallowfield,51.377564,-0.952526
2469_w2TH,Swallowfield Side Channel,51.377564,-0.952526
247281TP,Rainfall station,51.67255,-0.366544
247344TP,Rainfall station,51.550032,-0.415648
2473TH,Arborfield Bridge,51.403467,-0.933245
247540TP,Rainfall station,51.479469,-0.451216
2481TH,Sindlesham Mill,51.426522,-0.898188
248332TP,Rainfall station,51.672207,-1.952948
2486TH,Wokingham,51.40345,-0.836924
2490TH,Twyford,51.484806,-0.880942
2495TH,Marsh Lock,51.528776,-0.885703
249744TP,Rainfall station,51.568666,-1.811661
2497TH,Hurley Lock,51.55135,-0.808421
2499TH,Marlow Lock,51.567382,-0.769176
2511,Windyridge Road,51.91699,-2.086745
2512,Hucclecote,51.857643,-2.180344
2513,Eastington,51.753386,-2.322244
2514,Cam,51.699985,-2.360238
2515,Stoke Prior,52.306762,-2.076947
251530TP,Rainfall station,51.689762,-1.679516
251556TP,Rainfall station,51.826782,-1.862825
2516,Halesowen,52.462884,-2.061427
2531,Leominster Osbourne Place LVL,52.231172,-2.743719
2532,Leominster Upper Marsh LVL,52.233318,-2.73409
253340TP,Rainfall station,51.878717,-1.737736
253861TP,Rainfall station,51.794582,-1.562775
254336TP,Rainfall station,51.774757,-1.357157
2546TH,High Wycombe FD,51.627385,-0.748786
2548,Orleton Millbrook Way,52.300223,-2.751592
254829TP,Rainfall station,51.938474,-1.573015
2549,Slad Steanbridge Lane,51.767788,-2.179956
2550TH,Wycombe Wye,51.635466,-0.76901
256230TP,Rainfall station,51.749085,-1.272057
256345TP,Rainfall station,52.168732,-1.235988
2569TH,Wycombe Hugh,51.635574,-0.753691
257039TP,Rainfall station,52.072227,-1.333928
2590TH,Bourne End Wye,51.571155,-0.708557
259110TP,Rainfall station,51.886777,-1.156503
2601TH,Cookham Lock,51.560993,-0.694635
260221TP,Rainfall station,51.63431,-1.505077
2602TH,Boulters Lock,51.532713,-0.699466
2603,Cambridge,51.730432,-2.362218
2603TH,Taplow,51.529307,-0.697199
2604TH,Maidenhead,51.524146,-0.702103
2606,Deerhurst,51.969234,-2.193572
2607,Bromsberrow LVL,51.996906,-2.373352
2607TH,Bray Lock,51.509305,-0.69032
2608,Boreton Bridge LVL,52.65661,-2.716578
2609,Kites Hardwick,52.313513,-1.314911
261021TP,Rainfall station,51.653876,-1.288038
2611,Stanford River LVL,52.417555,-1.126182
2613,Southam,52.260974,-1.408027
2613TH,Warfield,51.436318,-0.747222
2615,Bidford on Avon,52.164097,-1.857348
2616,Kempsey Yacht Club,52.158602,-2.219449
261602TP,Rainfall station,51.772802,-0.689041
2617,Chalford,51.723887,-2.130978
2618,Sandhurst,51.887415,-2.252167
2619,Sandhurst,51.887632,-2.251427
261923TP,Rainfall station,51.825767,-0.852925
2620TH,Binfield,51.433827,-0.773574
2621,Henley River,52.29694,-1.777373
2625,Ludlow Teme,52.36409,-2.706474
2626,Feckenham,52.248746,-1.994455
2627,Kenilworth,52.352672,-1.567041
2629,Lydney,51.72971,-2.534804
2634,Burford Bridge,52.311774,-2.625404
2635,Cox's Meadow Storage Area,51.890714,-2.066105
263541TP,Rainfall station,51.741752,-1.120101
2636,Mor Brook LVL,52.509532,-2.429445
2639,Dutlas,52.394857,-3.160345
2641,Wightwick,52.582389,-2.192192
2642,Worcester (Barbourne),52.206967,-2.235272
264254TP,Rainfall station,51.617635,-1.115281
2644,Sandhurst Horn's Ditch,51.888033,-2.253216
2646,Stanford Bridge,52.28899,-2.418688
2648,Toddington,51.999754,-1.952083
264845TP,Rainfall station,51.532367,-1.135676
2649,Clay Coton,52.387107,-1.128914
2650,Arle,51.91358,-2.100884
265038TP,Rainfall station,51.543602,-1.343114
2653,Merestones Road,51.88594,-2.093645
2654,Cox's Flume,51.889602,-2.062354
265415TP,Rainfall station,51.465368,-1.197403
2655TH,Raymill Road,51.528985,-0.716959
2660,Prestbury Road,51.907359,-2.061419
2661,Witcombe,51.840037,-2.142115
2662,Abbeymead Avenue,51.840929,-2.202237
266474TP,Rainfall station,51.412945,-1.726028
2666,Matson Place,51.85211,-2.233328
2667,Bondend Road,51.834606,-2.193371
2669,Shifnal,52.67455,-2.379329
2670,Saintbridge,51.848419,-2.217412
2671,Moorend Road,51.883138,-2.061691
267661TP,Rainfall station,51.388049,-1.53073
268103TP,Rainfall station,51.53833,-1.56235
268851TP,Rainfall station,51.462587,-1.327004
2694TH,The Binghams,51.506197,-0.710164
269627TP,Rainfall station,51.345161,-1.239706
2698TH,Romney Lock,51.491873,-0.604104
2700,Abbey Mill GATE,51.991326,-2.162837
2700TH,Windsor Park,51.485795,-0.589124
2702TH,Bell Weir,51.438166,-0.537257
2703TH,Old Windsor Lock,51.463198,-0.569077
2705,Church Stretton,52.5405,-2.801605
2705SO,Rainfall station,50.759531,-0.787028
2706,Wombourne LVL,52.531154,-2.204277
270669TP,Rainfall station,51.292403,-1.035495
2711,Sedgeberrow,52.04668,-1.963362
271491TP,Rainfall station,51.330311,-0.763419
274178TP,Rainfall station,51.667285,-0.923447
274918TP,Rainfall station,51.440044,-0.766213
276036TP,Rainfall station,51.54306,-0.500973
276316TP,Rainfall station,51.718037,-0.217242
276651TP,Rainfall station,51.755019,-0.285332
276956TP,Rainfall station,51.828295,-0.446536
277407TP,Rainfall station,51.686586,-0.341445
278744TP,Rainfall station,51.690006,-0.530846
279941TP,Rainfall station,51.396984,-0.540252
2802TH,Waxwell Lane,51.602909,-0.384264
2803TH,"Pinner, Avenue Road",51.597129,-0.381769
2804TH,"Pinner, Eastcote Road",51.589297,-0.381167
2805TH,"Howletts Lane, Ruislip (Temporary)",51.58453,-0.439448
2807TH,Ruislip,51.58043,-0.426065
280826TP,Rainfall station,51.226121,-0.774805
2808TH,Radlett,51.682315,-0.315607
2809TH,Mimmshall Brook,51.706896,-0.217824
2810TH,North Mymms,51.718066,-0.219123
281186TP,Rainfall station,51.119894,-0.851916
2813TH,Markyate,51.838108,-0.461149
2814TH,London Colney,51.719476,-0.289861
2815TH,Redbourn,51.794792,-0.393076
2816TH,Redbourn,51.793132,-0.396615
2819TH,Colney Street,51.704664,-0.336052
2821TH,Borehamwood,51.668568,-0.287687
282290TP,Rainfall station,51.143947,-0.512508
282781TP,Rainfall station,51.256125,-0.566214
282947TP,Rainfall station,51.280335,-0.635718
2830,Hayes Basin,52.735118,-2.960681
2830TH,Watford,51.670654,-0.380235
2831,Cae Howel,52.74738,-2.971662
2832,Maesbrook,52.779686,-3.037866
2833,Cae Howel,52.747481,-2.972523
283596TP,Rainfall station,51.341055,-0.599459
2841TH,"Hemel Hempstead, Bury Mill",51.757619,-0.475391
2844TH,"Hemel Hempstead, Old Fishery Lane",51.744674,-0.49654
2846TH,"Hemel Hempstead, Two Waters Road",51.741057,-0.47337
284703TP,Rainfall station,51.178085,-0.133707
2849TH,Croxley Green,51.645553,-0.436992
2852TH,Chesham,51.702625,-0.614039
2854TH,Braybourne Close FD,51.553414,-0.479617
285630TP,Rainfall station,51.288167,-0.337196
2859TH,Rickmansworth,51.641989,-0.46125
2862TH,Moor Lane,51.635575,-0.443997
286392TP,Rainfall station,51.400709,-0.284238
2866TH,Wraysbury Offtake FD,51.477931,-0.504592
2870TH,Denham Colne,51.56631,-0.483905
287141TP,Rainfall station,51.362722,-0.209526
2872,Perdiswell,52.217941,-2.213213
287283TP,Rainfall station,51.449283,-0.224851
2873TH,Missenden,51.677124,-0.650282
287451TP,Rainfall station,51.308021,-0.16144
287722TP,Rainfall station,51.344874,-0.103964
287864TP,Rainfall station,51.380452,-0.135546
287946TP,Rainfall station,51.415955,-0.162865
2879_w1TH,Denham Lodge,51.567599,-0.49112
2879_w2TH,Denham Lodge,51.569085,-0.489873
288092TP,Rainfall station,51.4214,-0.109429
2880TH,Willowbank,51.559236,-0.484082
2881TH,"Uxbridge, Fountains Mill",51.549497,-0.482704
2882TH,"Iver, Clisbys Bridge",51.529235,-0.488741
2883TH,Farlows Bridge,51.518153,-0.498245
2884,Burlington Weir LVL,52.695461,-2.324363
288504TP,Rainfall station,51.349274,0.009666
2885TH,West Drayton,51.500923,-0.482762
2886TH,"Pinner, Moss Close",51.598796,-0.376829
2887TH,"Ickenham, Swakeleys Road",51.565274,-0.452775
2888TH,"Uxbridge, Hercies Road",51.547893,-0.46447
2889TH,Uxbridge,51.533611,-0.47115
289102TP,Rainfall station,51.476541,-0.017866
2891TH,Yiewsley,51.509078,-0.47713
2892TH,Poyle,51.477287,-0.51406
2893TH,Stanwell Mill,51.466242,-0.501779
2894TH,Hythe End,51.440219,-0.535292
2895TH,Staines Moor,51.45237,-0.520468
2896TH,"Pound Mill, Staines",51.43615,-0.514892
2897BTH,Horton Mill,51.47174,-0.53123
2898,Wildmoor Flume,52.369692,-2.062663
2898TH,Staines Trading Estate,51.437123,-0.512241
2900,Walton,52.176016,-1.583205
290007TP,Rainfall station,51.507135,0.134772
2900TH,Staines,51.431611,-0.512248
2901TH,Penton Hook,51.414528,-0.499731
290200TP,Rainfall station,51.280521,0.134285
2902TH,Chertsey Lock,51.390617,-0.48637
2904TH,Shepperton Lock,51.382892,-0.458071
290578TP,Rainfall station,51.367354,0.204407
291241TP,Rainfall station,51.367559,0.09523
291477TP,Rainfall station,51.458979,0.11237
2915,Eckington Sluice,52.062065,-2.124922
2927TH,Trumps Green,51.399312,-0.56131
2928TH,Chertsey Bourne,51.402823,-0.539779
2935TH,Norlands Lane,51.410875,-0.515797
2936TH,Guildford Street,51.389272,-0.506291
2937TH,Free Prae Road,51.386331,-0.501357
2941TH,Bagshot,51.361518,-0.689296
294323,Rainfall station,51.206865,0.129446
2966TH,Millbourne Bridge,51.349005,-0.602519
2976TH,Grants Bridge,51.344527,-0.604091
2989TH,Addlestone,51.374167,-0.478479
300001TP,Rainfall station,51.13979,-0.960059
300874,Rainfall station,51.373888,1.173263
3010TH,Alton High Street,51.149557,-0.976568
3012TH,Kings Pond,51.150372,-0.96697
3014,Rainfall station,52.886657,-2.182004
3015,Rainfall station,52.808314,-1.74405
3015TH,Caker Stream,51.140148,-0.959908
301666,Rainfall station,51.131926,0.967934
3020TH,Farnham,51.209424,-0.803594
3025,Rainfall station,52.701554,-2.119078
3026,Rainfall station,52.79928,-2.275079
3028TH,Passfield Mill,51.101202,-0.825956
3029TH,Wey (South) at Huntingford Bridge,51.14197,-0.824708
3040TH,Tilford,51.181979,-0.750222
305111,Rainfall station,51.098221,1.155768
3054TH,Westbrook Mill,51.188851,-0.617671
3056TH,Godalming RL,51.192355,-0.598504
3057,Rainfall station,52.730505,-1.571247
3057TH,River Wey at Unstead Sluice,51.19848,-0.584392
3061TH,Flash Bridge,51.121978,-0.510356
3065TH,Cranleigh,51.142186,-0.480399
3069TH,Bramley,51.206896,-0.57032
3073TH,Burpham,51.264494,-0.544883
3074TH,Albury,51.210841,-0.504627
3075TH,Send,51.287835,-0.505999
3078TH,Hoe Stream at Woking,51.306994,-0.537112
3079TH,Shalford,51.220824,-0.569459
3080TH,Guildford,51.236036,-0.578011
3085TH,Old Woking,51.302063,-0.543308
3087TH,Woking South,51.294424,-0.57291
3089TH,Brooklands,51.346115,-0.465049
3090TH,Weybridge,51.37248,-0.466322
3096,Rainfall station,52.615214,-2.152813
3099,Rainfall station,52.807639,-1.889433
3100,Rainfall station,52.830414,-1.607371
3100TH,Walton,51.3919,-0.421389
3101SE,Easton,51.088829,-1.2729
3101TH,Sunbury  Lock,51.399708,-0.4156
3102TH,Molesey Lock,51.406476,-0.349558
3110TH,Staines Ash,51.440376,-0.512035
3115TH,Knowle Green,51.430935,-0.496618
3165,Rainfall station,52.399545,-2.050654
3167,Rainfall station,52.419334,-1.990391
3173,Rainfall station,53.017139,-1.981319
3178,Rainfall station,52.999107,-1.06794
3179,Rainfall station,52.69041,-0.920654
3185,Rainfall station,52.407451,-1.784594
3198,Rainfall station,52.530102,-1.383041
3201,Rainfall station,52.579333,-1.532878
3207TH,Ifield,51.11607,-0.222649
3209TH,Stafford Bridge,51.130927,-0.213274
3210TH,Gatwick Airport,51.144764,-0.19953
3219TH,Crawley FWS,51.102235,-0.173972
3223TH,Maidenbower,51.110238,-0.153871
3225TH,Three Bridges,51.116941,-0.162605
3229TH,Gatwick Link,51.160212,-0.163604
3230TH,Horley,51.173918,-0.18323
3232TH,Peeks Brook Lane,51.161389,-0.135668
3235TH,Bonehurst Bridge,51.186743,-0.163694
3240TH,Kinnersley Manor,51.201071,-0.194473
3245TH,Redhill,51.239844,-0.166451
3247TH,Salfords Bridge,51.204792,-0.1677
3269TH,Brockham FWS,51.233732,-0.288379
3270TH,Dorking,51.238425,-0.311198
3275,Rainfall station,52.635078,-1.944539
3280TH,Leatherhead,51.294985,-0.336089
3286TH,Downside Bridge,51.323836,-0.41269
3288,Rainfall station,52.542109,-1.696942
3290TH,Esher,51.381714,-0.377493
3307,Rainfall station,53.196879,-1.901908
3323,Rainfall station,53.025808,-1.723384
3345TH,Bourne Hall Ponds at Ewell,51.350352,-0.250864
3346,Rainfall station,52.95331,-2.040883
3346TH,King Charles Road FWS,51.386523,-0.291294
3347,Rainfall station,52.905076,-2.37685
3349,Rainfall station,52.901997,-1.860947
3350TH,Ewell,51.355767,-0.255182
3369TH,Worcester Road,51.375687,-0.264339
3380,Rainfall station,53.405172,-1.738982
3390TH,Kingston Hogsmill,51.405736,-0.302166
3401TH,Teddington Lock,51.429566,-0.318416
3404,Rainfall station,53.287863,-1.579192
340767,Rainfall station,50.968137,-1.918056
3422SO,Whitchurch Main,51.22819,-1.338347
3423SO,Whitchurch Side,51.229107,-1.338319
3441,Rainfall station,53.134445,-1.432716
3570,Rainfall station,53.029694,-1.914215
3571,Rainfall station,53.105132,-2.154547
3572,Rainfall station,53.311933,-1.898644
3574,Rainfall station,52.897659,-1.359998
3576,Rainfall station,53.093957,-1.658736
3580,Rainfall station,53.047163,-1.641206
3588,Rainfall station,52.958861,-1.577925
3601,Rainfall station,53.231399,-0.806723
3602,Rainfall station,52.813347,-0.803365
3603,Rainfall station,53.079174,-0.867665
3604,Rainfall station,53.223303,-1.115505
3609TH,"Harrow, Village Way",51.57755,-0.380271
3610,Rainfall station,52.655516,-1.302927
3611,Rainfall station,53.485476,-0.775492
3616,Rainfall station,53.22531,-1.701132
3625TH,"Hillingdon, Gutteridge Wood",51.547719,-0.420185
3626TH,"Harrow, Thistledene Avenue",51.561936,-0.379325
3629,Rainfall station,52.78808,-1.097664
3629TH,"Northholt, Yeading East",51.548783,-0.397836
3635TH,"Hillingdon, Charville Lane",51.541775,-0.418198
3641,Rainfall station,52.738326,-1.320862
3642,Rainfall station,52.762972,-1.234524
3650TH,"Yeading, Brookside Road",51.518702,-0.391757
3652,Rainfall station,52.836792,-1.251041
3660TH,Cranford Park,51.488753,-0.412558
3680,Rainfall station,52.73152,-0.995167
3680TH,Marsh Farm,51.448604,-0.339937
3683,Rainfall station,52.697431,-1.117291
3686,Rainfall station,52.544833,-1.031877
3687,Rainfall station,52.723063,-0.765859
3688,Rainfall station,52.6315,-1.077247
3695TH,Mogden GS,51.463986,-0.340257
3697TH,Crane Gates,51.465414,-0.322425
3766,Rainfall station,53.005795,-1.251101
3767,Rainfall station,53.022009,-1.417793
3771,Rainfall station,52.948025,-1.088386
3773,Rainfall station,53.032232,-1.050823
3774,Rainfall station,53.579885,-0.869434
3775,Rainfall station,53.07731,-1.190151
3778,Rainfall station,52.687955,-1.796533
3779,Rainfall station,53.591168,-0.7392
3781,Rainfall station,52.49028,-1.866665
3782,Rainfall station,,
380002TP,Rainfall station,51.571638,-0.289354
3803TH,Bury Farm FSA FD,51.627195,-0.287063
3804TH,Whetstone,51.623491,-0.185411
3806TH,North Finchley,51.614894,-0.189437
3815TH,Hampstead Suburb,51.584844,-0.180888
3816,Rainfall station,53.130665,-1.23847
3820TH,Brent Cross,51.577539,-0.217549
3822TH,"Edgware, Deans Brook",51.617793,-0.26653
3823TH,"Stanmore, Wolverton Road",51.610531,-0.313052
3826TH,Edgware Hospital,51.607093,-0.271414
3829TH,Colindale,51.591209,-0.244516
3838TH,Kenton Lane,51.587068,-0.307266
3839TH,Wembley,51.562196,-0.27948
3850TH,"Brent, Monks Park",51.551558,-0.267837
3860,Rainfall station,53.407215,-1.191422
3861,Rainfall station,53.521199,-1.045964
3870TH,"Greenford, Costons Lane",51.527366,-0.344873
3880TH,Hanwell,51.508638,-0.342569
3892TH,Brentford,51.48248,-0.312323
38_BRENT_RES,Brent Reservoir,51.570831,-0.245027
3901,Rainfall station,53.305797,-1.088289
3996,Rainfall station,52.897989,-0.911045
3998,Rainfall station,53.396184,-0.931457
3999,Rainfall station,52.564065,-1.199634
4001,Yorkshire Bridge,53.362304,-1.703631
4002,Hamstall Ridware,52.770034,-1.840172
4003,Water Orton,52.52039,-1.751178
4006,Great Haywood,52.805262,-2.011076
4007,Shardlow,52.865431,-1.335368
4008,Rocester,52.95455,-1.833986
4009,Colwick,52.952707,-1.07772
4011,Matlock,53.124099,-1.557929
4012,Kings Bromley,52.75692,-1.805399
4014,Milford,52.791503,-2.038506
4015,Mattersey,53.397737,-0.964956
4018,Marston on Dove,52.855534,-1.648727
4019,Drakelow,52.780647,-1.647106
4022,North Muskham,53.131855,-0.803653
4023,Ashford in the Water,53.223665,-1.727504
4024,Syston,52.706226,-1.091508
4026,Polesworth,52.627897,-1.613026
4031,Ilam,53.053456,-1.793028
4032,Church Warsop,53.206134,-1.165417
4033,Hollinsclough LVL,53.198546,-1.906769
4036,Twyford Bridge,53.26962,-0.952008
4037,Mytham Bridge,53.335557,-1.683843
4039,Calthorpe Park,52.460104,-1.897221
4040,Bucknall,53.017569,-2.162134
4040TH,Motspur Park,51.393329,-0.241392
4041,Waterhouses,53.04899,-1.879122
4043,Chatsworth,53.211297,-1.610938
4044,Cuckney LVL,53.2366,-1.145421
4045TH,North Cheam,51.374843,-0.208335
4046,Izaak Walton,53.055864,-1.782274
4048,Wingfield Park,53.072731,-1.441438
4049,Worksop,53.309224,-1.138194
4050,Auckley LVL,53.503749,-1.027736
4050TH,Morden Park,51.391152,-0.216322
4052,Great Bridgford,52.839744,-2.174088
4053,Penkridge,52.727805,-2.117669
4055,Duffield,52.998306,-1.525391
4056,Rothley,52.7031,-1.142483
4058,Ashbourne,53.013888,-1.738962
4060,Lowdham,53.024857,-1.028024
4061,Basford Bridge,53.06433,-2.026812
4063TH,nan,,
4064,Scotter,53.498488,-0.664311
4066,Bacons End,52.484208,-1.731944
4067,Church Wilne,52.880685,-1.346428
4069,Tamworth,52.631289,-1.697508
4070TH,New Malden,51.410502,-0.247204
4071,Farndon,53.062491,-0.852881
4072,Southwell,53.077901,-0.934277
4074,Kegworth,52.831898,-1.273539
4078,Doveridge,52.902503,-1.834928
4079,Shallowford,52.858989,-2.187087
4080,Lea Marston,52.541117,-1.695622
4080TH,Wimbledon Common,51.431619,-0.25215
4081,Bescot,52.560205,-1.983428
4082,Littlethorpe,52.571268,-1.201273
4083,Darlaston,52.916247,-2.171867
4084,Sandwell LVL,52.531656,-1.958157
4085,Derby City,52.92726,-1.475443
4086,South Wigston,52.573856,-1.13453
4087,Perry Park,52.524933,-1.911514
4087TH,Arabella Drive,51.465498,-0.253664
4088,Blacktoft TL,53.707031,-0.725316
4091,Blyth,53.377166,-1.053244
4091TH,Barnes,51.47009,-0.245065
4093,Pillings Lock,52.758541,-1.164067
4094,Castle Farm,52.496238,-1.688419
4095,Hopwas,52.643962,-1.73394
4098,Keadby,53.591975,-0.738178
4099,Gainsborough,53.392687,-0.776833
4101,Sheepwash,52.523665,-2.039788
4103,Rainfall station,53.114911,-2.223306
4105,Park Hill,52.558696,-1.999094
4115,Mansfield The Dykes,53.166753,-1.164236
4116,Whitewater Bridge,53.226502,-1.008036
4117,Whatstandwell LVL,53.087267,-1.506572
4118,Perlethorpe,53.233981,-1.032134
4119,Froghall,53.023087,-1.968659
4121,Upper Tean,52.953586,-1.989532
4122,Mayfield,52.999734,-1.762306
4123,Mancetter,52.567357,-1.52579
4124,Aston Bridge,52.877141,-1.759128
4125,Marchington,52.874007,-1.799498
4126,Clifton Bridge,52.92478,-1.166968
4127,Cranfleet Lock LVL,52.879472,-1.254839
4129,Cheswick Green,52.376154,-1.814434
4131,Willington,52.848235,-1.562071
4139TH,Waddon Ponds,51.371312,-0.120688
4142,Quixhill,52.976338,-1.86056
4143,Leek,53.1201,-2.012802
4145,Sharnford,52.522794,-1.29766
4146,Pinxton,53.0832,-1.32769
4147,Anslow,52.839223,-1.665782
4148,Egginton,52.854343,-1.601779
4149,Nuneaton,52.520949,-1.440825
4150TH,Beddington Park,51.373583,-0.138986
4151TH,River Wandle at Beddington Park FD,51.370858,-0.151524
4152,Newcastle Under Lyme,53.008317,-2.228776
4153,Hints,52.620739,-1.76228
4155,Colston Bassett,52.896019,-0.962231
4158,Glenfield,52.648317,-1.215391
4159,Blythe Bridge,52.970005,-2.073464
4159TH,Carshalton Ponds,51.367034,-0.162812
4161,Great Glen,52.574167,-1.035067
4163,Day Brook,52.986245,-1.163701
4164,Ordsall,53.308371,-0.942655
4165,Brookhouse Farm,53.083974,-2.178955
4165TH,Hackbridge,51.377064,-0.160112
4166,Sutton Mill,52.899788,-1.657587
4167,Packington,52.726224,-1.468529
4168,Horsebottoms,52.893044,-1.72631
4169,Hoar Cross,52.780092,-1.792694
4170,Deepmore Farm,52.671341,-2.108289
4171,Croxall LVL,52.731408,-1.705184
4171TH,nan,,
4172,Solihull Lodge,52.397668,-1.853805
4173,Temple Mill,52.62825,-1.47564
4173TH,River Wandle at Ravensbury Mill ,51.398338,-0.183625
4174,Freemans Weir,52.619792,-1.146475
417417TP,Rainfall station,51.466604,-0.571144
4175,Clifton Hall,52.698639,-1.610921
4175TH,River Wandle at Morden Hall,51.402267,-0.187639
4176,Cannock,52.682553,-2.025244
4177,Coven,52.662979,-2.143695
4177TH,River Wandle at Merton Abbey,51.41336,-0.183893
4179,Knypersley,53.08361,-2.1565
4180,Leasows Farm,52.910637,-1.862124
4180_w1TH,Wandle Park Main Channel,51.419659,-0.18127
4180_w2TH,Wandle Park Side Channel,51.419659,-0.18127
4181,Adderley (Cheadle) LVL,52.991475,-2.013285
4182,Astonfields,52.817973,-2.113758
4182TH,Thornton Heath,51.394765,-0.097302
4183,Flint Mill,53.070627,-2.041308
4186,Shipley Gate,53.003454,-1.310004
4186TH,Abercairn Road,51.416099,-0.143444
4187,Oxton Dumble,53.052096,-1.067469
4188,Cheadle LVL,52.995269,-1.986021
4188TH,Graveney at Robinson Road ,51.422024,-0.174344
4189,Gunthorpe LVL,52.986363,-0.977571
4189TH,Longley Road,51.421965,-0.173411
4190,Smithy Houses,53.019889,-1.425573
4191,Wensor Bridge FLOW,53.003783,-0.829178
4192,Melton Park,52.762225,-0.889833
4192TH,Summerstown,51.428571,-0.187677
4193,Brentingby Dam GATE,52.760041,-0.853952
4195,Whetstone,52.553447,-1.171951
4196,Shepshed,52.78322,-1.279553
4197,Buxton,53.2536,-1.904027
4198,Woolsthorpe,52.899642,-0.758767
4200,Walsall,52.568845,-1.992912
4202,Marefield,52.675277,-0.888192
4203,Bulwell,53.009557,-1.190048
4204,Whitwick,52.739499,-1.353725
4205,Loughborough,52.765357,-1.214327
4206,Selly Park,52.435233,-1.913503
4207,Lowdham Grange,53.010442,-1.024175
4208,Carlton,52.969773,-1.07353
4249,Stafford,52.790235,-2.119721
4252,Lisle Street LVL,52.777609,-1.21547
4259,Agnes Meadow,53.023273,-1.680181
43102,Rainfall station,51.067961,-2.063451
43103,Rainfall station,51.164146,-1.894828
43104,Rainfall station,51.220377,-1.669896
43105,Rainfall station,51.358394,-1.927417
43108,Tisbury,51.061485,-2.080366
4310TH,Hayes Lane,51.392901,0.019484
4314TH,Magpie Hall Lane,51.385199,0.047688
4317TH,Bishops Avenue,51.401378,0.028483
4319TH,Bromley South,51.400276,0.019377
43200,Rainfall station,51.044768,-2.4129
43201,Rainfall station,51.085428,-2.353299
43202,Rainfall station,50.896473,-2.390258
43203,Rainfall station,51.03167,-2.281587
43204,Rainfall station,50.864669,-2.139905
43205,Rainfall station,50.755028,-1.936857
43206,Rainfall station,50.755798,-1.814938
43208,Lodden Bridge,51.034216,-2.265615
4320TH,Bromley,51.394835,0.016838
43210,Blandford,50.853069,-2.167089
43228,Rainfall station,50.968057,-2.158729
4326TH,Beckenham Park,51.422952,-0.007672
4335TH,Upper Elmers End,51.391876,-0.03662
4345TH,Beckenham,51.406058,-0.024366
4369TH,Winsford Road,51.435695,-0.027404
4370TH,Catford Hill,51.441442,-0.026869
4372TH,Kydbrook Close,51.382923,0.075811
4378TH,Eynsford Close,51.383249,0.072664
4380TH,Hazelmere Road,51.39528,0.078815
4381TH,Gosshill Road,51.403702,0.060218
4382TH,Woodlands Road,51.405031,0.056251
4383TH,Lower Camden,51.411956,0.051097
4384TH,Oakbrook Close FD,51.428299,0.023993
4386TH,Chinbrook Park,51.431438,0.027081
4387TH,Eltham Palace Road FD,51.45198,0.032669
4389TH,Manor House Gardens,51.45563,0.00613
4391TH,Mottingham Lane FD,51.442857,0.029817
44100,Rainfall station,50.778033,-2.848812
44101,Rainfall station,50.800366,-2.738533
44103,Rainfall station,50.707087,-2.698828
44104,Rainfall station,50.671274,-2.491689
44107,Netherbury,50.789421,-2.750022
44113,Upwey Culvert,50.665978,-2.480781
44115,Charmouth,50.739791,-2.891657
44132,Rainfall station,50.658982,-2.415165
44200,Rainfall station,50.837132,-2.59994
44201,Rainfall station,50.613852,-1.958246
44213,Rainfall station,50.825864,-2.686403
44214,Rainfall station,50.842091,-2.502005
44215,Rainfall station,50.743404,-2.638425
4427,Sandiacre,52.921584,-1.283492
4435,Lenton,52.948176,-1.183337
45100,Rainfall station,51.161592,-3.769689
45102,Rainfall station,51.129849,-3.534087
45108,Rainfall station,50.884946,-3.487642
45113,Rainfall station,50.775637,-3.719618
45115,Rainfall station,50.601997,-3.530985
45158,Rainfall station,51.06991,-3.643436
45164,Rainfall station,50.614674,-3.380154
45166,Rainfall station,50.859966,-3.239613
45167,Rainfall station,50.908664,-3.226683
45168,Rainfall station,50.973456,-3.383642
45169,Rainfall station,50.80015,-3.436698
45183,Rainfall station,51.114443,-3.795033
45184,Rainfall station,50.728619,-3.475599
45185,Rainfall station,51.046267,-3.459994
45186,Rainfall station,50.67998,-3.408962
45204,Rainfall station,50.816541,-3.085152
45208,Rainfall station,50.850579,-2.888483
45213,East Budleigh Brookfield Road,50.652217,-3.320001
45215,Honiton,50.796646,-3.183491
45230,Rainfall station,50.753667,-3.256649
45231,Rainfall station,50.76725,-2.963477
45232,Rainfall station,50.882121,-3.092361
45236,Rainfall station,50.776987,-3.176428
45268,Rainfall station,50.701123,-3.117886
4535,Uttoxeter Park,52.897211,-1.882427
4610,Trowell,52.944125,-1.27239
46100,Rainfall station,50.390977,-3.70144
46101,Rainfall station,50.393238,-3.731066
46103,Rainfall station,50.47913,-3.760983
46104,Rainfall station,50.53756,-3.702476
46106,Rainfall station,50.548234,-3.940001
46107,Rainfall station,50.58221,-3.897607
46108,Rainfall station,50.641897,-3.877381
46109,Dakyn Road LVL,52.637658,-1.059015
46115,Ashburton Lower,50.5162,-3.757538
46116,Ashburton Upper,50.521452,-3.756985
46120,Palmers Dam,50.390648,-3.72194
46151,Rainfall station,50.26339,-3.811942
4615TH,"Luton, Toddington Road",51.908463,-0.46427
46160,Rainfall station,50.473478,-3.89184
46161,Rainfall station,50.384444,-3.523968
46167,Rainfall station,50.592206,-3.717163
46168,Rainfall station,50.680022,-3.738768
46169,Rainfall station,50.516559,-3.841369
4625TH,"Luton, Stockingstone Road",51.896722,-0.419615
463589,Rainfall station,51.758734,-2.612081
4641TH,Luton East Hyde,51.851486,-0.376103
4650TH,Harpenden,51.830547,-0.347917
46839,Newtown Linford,52.683384,-1.230147
4690TH,Waterhall,51.773132,-0.117522
4703,Broadeye Bridge,52.807006,-2.123061
4710,Field Mill,53.137597,-1.198884
47101,Rainfall station,50.804076,-4.356504
47105,Rainfall station,50.686858,-4.234529
47106,Rainfall station,50.562235,-4.481386
47108,Rainfall station,50.586706,-4.106872
47112,Rainfall station,50.440912,-4.010253
47113,Rainfall station,50.418385,-3.960029
47144,Rainfall station,50.677206,-4.612016
47155,Rainfall station,50.416367,-4.126049
47156,Rainfall station,50.700026,-4.056719
47157,Rainfall station,50.431628,-4.270363
47158,Rainfall station,50.771514,-4.228634
47159,Rainfall station,50.644847,-4.529589
47160,Rainfall station,50.877791,-4.488167
47161,Rainfall station,50.516447,-4.209541
47163,Rainfall station,50.366737,-4.230702
47164,Rainfall station,50.501188,-4.060758
47166,Rainfall station,50.549928,-3.999359
47167,Rainfall station,50.377366,-3.992093
47168,Rainfall station,50.660116,-4.359193
47170,Rainfall station,50.546683,-4.319646
47176,Rainfall station,50.584943,-4.054524
4729,Scalford Dam,52.777175,-0.87826
4730TH,Whitwell,51.876889,-0.28128
4741,Pillings GATE,52.758038,-1.162817
475212_TG_354,Rainfall station,52.205774,-2.572843
4761,Spinney Hill Park LVL,52.635449,-1.104604
4770TH,Fulling Mill,51.837638,-0.221289
4790TH,Panshanger,51.803418,-0.141267
48100,Rainfall station,50.127328,-5.568494
48102,Rainfall station,50.223298,-5.305022
48103,Rainfall station,50.1602,-5.114418
48105,Rainfall station,50.303659,-5.098505
48106,Rainfall station,50.390633,-4.752406
48148,Rainfall station,50.171774,-5.437334
4815,"Liverpool Road, Stoke-On-Trent",53.007835,-2.185525
48155,Rainfall station,50.593242,-4.743017
48157,Rainfall station,50.286686,-4.810984
48159,Rainfall station,50.222785,-5.161963
4815TH,Walkern,51.919973,-0.123165
48169,Rainfall station,50.191057,-5.514391
48170,Rainfall station,50.131262,-5.251088
48171,Rainfall station,50.035296,-5.208282
48180,Rainfall station,50.382625,-4.896844
48181,Rainfall station,50.339136,-4.836569
48182,Rainfall station,50.249425,-5.040268
48192,Rainfall station,50.238386,-5.248557
48199,Rainfall station,50.356962,-4.730773
4821,Ogston Comp LVL,53.134236,-1.430342
4827TH,Bragbury Park,51.874477,-0.149495
4832TH,Watton at Stone,51.861312,-0.11775
4843,Hanford Bridge,52.981564,-2.19971
4863,Cresswell,52.948907,-2.036414
4868TH,Dane End,51.875292,-0.062702
4878,Brookvale Road,52.515925,-1.880351
4883,Belper LVL,53.029381,-1.486357
4890TH,"Hertford, Hartham Park",51.801234,-0.079759
4895,Wallgrange,53.079153,-2.052945
4896,Swans Barn,52.507787,-1.704544
4898,Hatton,52.861553,-1.678994
490001TP,Rainfall station,51.903913,0.021245
49101,Rainfall station,50.481782,-4.701312
49102,Rainfall station,50.382424,-4.56061
49104,Rainfall station,50.509966,-4.568918
49105,Rainfall station,50.558792,-4.637937
49106,Rainfall station,50.639798,-4.675005
49108,Rainfall station,50.733448,-4.549952
4912TH,Buntingford,51.946826,-0.016987
49147,Rainfall station,50.391624,-5.071876
49149,Rainfall station,50.679797,-4.695684
49151,Rainfall station,50.480775,-4.463019
49162,Rainfall station,50.438007,-4.948114
49171,Rainfall station,50.419841,-4.409173
49172,Rainfall station,50.589351,-4.830395
4939TH,Braughing,51.904243,0.020897
4980TH,Wadesmill,51.839044,-0.027533
50101,Rainfall station,50.975364,-4.291091
50103,Rainfall station,50.880864,-4.152815
50105,Rainfall station,50.703195,-3.977548
50106,Rainfall station,50.737466,-3.91805
50108,Rainfall station,50.925011,-3.713738
50109,Rainfall station,50.985116,-3.661811
50110,Rainfall station,51.016891,-3.822629
50111,Rainfall station,51.163435,-3.937101
50112,Rainfall station,51.219415,-3.751859
50126,Coney Gut,51.073179,-4.041276
50137,Portmarsh Lane,51.074943,-4.050919
50139,Swimbridge,51.053143,-3.969407
5016TH,Furneux Pelham,51.930418,0.086394
50187,Rainfall station,50.909721,-4.380331
50188,Rainfall station,51.178491,-4.106562
50194,Rainfall station,51.024089,-4.236452
50199,Rainfall station,50.873373,-3.798545
5039TH,Little Hadham,51.884165,0.09127
5080TH,Mardock,51.814817,0.020302
510001,Rainfall station,51.838464,0.162023
51102,Rainfall station,51.117739,-3.349372
51111,Williton,51.159618,-3.320133
51124,Rainfall station,51.207152,-3.536655
51125,Rainfall station,51.193548,-3.612054
51126,Rainfall station,51.124753,-3.200962
51127,Rainfall station,51.163886,-3.611019
5112TH,Clavering,51.965459,0.146003
5129TH,"Stansted Mountfitchet, Gypsy Lane",51.89464,0.186331
5141TH,"Bishops Stortford, Grange Paddocks",51.878177,0.160906
5151TH,Sawbridgeworth,51.812151,0.158674
5169TH,Sheering Hall,51.792981,0.16688
5171TH,Harlow Mill,51.795404,0.134177
5172TH,Pishiobury Brook,51.795404,0.134177
5189TH,"Harlow, Elizabeth Way",51.773908,0.073644
5190TH,"Roydon, Glen Faba",51.764828,0.015113
52100,Rainfall station,51.054044,-3.336105
52101,Rainfall station,50.971757,-3.122948
52102,Rainfall station,51.064754,-2.737025
52103,Rainfall station,50.902608,-2.632068
52105,Rainfall station,51.134741,-2.999693
52118,Currymoor Pumping Station,51.054966,-2.936065
52119,Gaw Bridge,50.976043,-2.793549
52120,Huish Episcopi Pumping Station,51.031669,-2.798991
52121,Sherborne Lake,50.947873,-2.503101
52126,Westover Pumping Station,51.034896,-2.833902
52127,Currymoor Pumping Station,51.054966,-2.936065
52129,Rainfall station,50.875913,-2.981351
52147,Rainfall station,51.053779,-2.892367
52148,Rainfall station,50.853381,-2.745053
52149,Rainfall station,50.937299,-2.527224
52150,Rainfall station,51.128821,-3.323971
52152,Huish Episcopi Pumping Station,51.031606,-2.799018
52153,Midelney,51.008129,-2.832096
52154,Midelney,51.008129,-2.832096
52201,Rainfall station,51.270102,-2.682969
52203,Rainfall station,51.408672,-2.666341
52208,Bruton Dam,51.116056,-2.430837
52210,Rainfall station,51.116625,-2.434971
52211,Bruton Surgery,51.112337,-2.451073
52222,Rainfall station,51.133861,-2.392257
52223,Rainfall station,51.393485,-2.917648
52224,Rainfall station,51.173877,-2.508462
52225,Rainfall station,51.260327,-2.806074
52227,Rainfall station,51.183161,-2.90631
52228,Rainfall station,51.440951,-2.8222
5263TH,Tumbling Bay Weir,51.809124,-0.023037
5280TH,"Hoddesdon, Rye Bridge",51.770008,0.006126
5290TH,RIVER LEE AT FEILDES WEIR (GAUGED),51.76417,0.01362
5291TH,Feildes Weir,51.76432,0.014322
5302TH,RYE MEADS EFFLUENT AT RYE MEADS,51.769116,0.016232
5303TH,Richard White Radial Gates,51.753614,0.01247
5308TH,"Cheshunt, Rosedale Way",51.713361,-0.060582
53100,Rainfall station,51.633453,-2.15382
53101,Rainfall station,51.602099,-2.455479
53102,Rainfall station,51.549024,-2.052583
53103,Rainfall station,51.530109,-1.896872
53104,Rainfall station,51.538159,-2.480793
53106,Rainfall station,51.474338,-2.127367
53107,Rainfall station,51.416755,-2.485269
53108,Rainfall station,51.38314,-2.325412
53109,Rainfall station,51.360132,-2.138539
53110,Rainfall station,51.341928,-2.266258
531101,Rainfall station,51.633863,-2.371995
531108,Rainfall station,51.237472,-2.325815
53111,Rainfall station,51.315105,-2.495674
531115,Eastville,51.470324,-2.566101
53113,Rainfall station,51.290973,-1.963375
53114,Rainfall station,51.230621,-2.486172
53115,Rainfall station,51.210084,-2.450167
531160,"Keynsham, Rivermead",51.419019,-2.487954
531172,Rainfall station,51.277706,-2.608531
531175,Rainfall station,51.546033,-2.267448
531178,Rainfall station,51.596598,-2.146477
531179,Rainfall station,51.460233,-2.609517
531184,Rainfall station,51.236826,-2.216949
531187,Hancocks Water Reservoir,51.535097,-1.885111
53126,Saltford,51.399488,-2.447727
53133,Netham Weir,51.451028,-2.55481
5313TH,Lower Nazeing,51.735268,0.019953
53147,Tubbs Bottom,51.543699,-2.464859
53159,Rainfall station,51.366659,-2.621201
53184,Ashton Vale,51.439017,-2.62578
5318TH,"Cheshunt, Windmill Lane",51.703222,-0.022505
5321TH,David Stoker Radial Gates,51.697274,-0.013228
5322TH,"Cheshunt, Trinity Lane",51.691657,-0.027263
5327TH,Waltham Abbey,51.691132,0.015788
5329TH,"Waltham Abbey, Sewardstone Road",51.681471,0.004958
5339TH,"Enfield, Ordance Road",51.671889,-0.019618
5349TH,"Enfield, Albany Park",51.668821,-0.035081
5355TH,"Enfield, The Chine",51.643461,-0.095003
5357TH,Edmonton Green,51.626104,-0.060318
5362TH,New Barnet,51.650298,-0.164059
5364TH,Arnos Park,51.616543,-0.126609
5369TH,"Edmonton, Silver Street",51.615727,-0.065253
5376TH,Chingford,51.619051,0.008836
5378TH,Walthamstow,51.603395,-0.012274
5380TH,"Walthamstow, Low Hall",51.574894,-0.043637
5390TH,Lea Bridge,51.567832,-0.051025
5420TH,High Ongar,51.713888,0.259177
5425TH,Moreton,51.739256,0.219552
5427TH,Chipping Ongar,51.709101,0.239586
5442TH,Shonks Mill Bridge,51.661693,0.209122
5459TH,Abridge,51.65178,0.119024
5470TH,Loughton,51.640481,0.081584
5480TH,Redbridge,51.576239,0.040575
5484TH,Loxford Sluices FD,51.52639,0.091773
5496TH,Horseshoe Corner Tidal Sluice FD,51.519084,0.132433
550148,Rainfall station,53.409248,-3.113909
551440,Rainfall station,53.276556,-2.854006
551706,Rainfall station,53.055708,-2.6691
5518TH,Collier Row,51.597866,0.154258
5522TH,Romford,51.583879,0.172001
552376,Rainfall station,52.965913,-2.459268
5541TH,Hornchurch_Bretons Farm,51.546517,0.183966
554472,Rainfall station,53.169907,-2.103919
5544TH,Beam Auto Sluice FD,51.528524,0.165429
5546TH,Harold Park,51.599864,0.249585
5550TH,Gaynes Park,51.553141,0.236647
555207,Rainfall station,53.114913,-2.221812
5563TH,Havering Tidal Sluice FD,51.510944,0.165849
558016,Rainfall station,53.24456,-1.997705
558491,Rainfall station,53.38925,-1.919511
558844,Rainfall station,53.49079,-1.883147
559100R,Rainfall station,53.45937,-1.93444
559586,Rainfall station,53.534889,-2.012778
559969,Rainfall station,53.459311,-2.134747
560557,Rainfall station,53.431001,-2.352893
560631,Rainfall station,53.718989,-2.194675
560943,Rainfall station,53.697953,-2.353609
561299,Rainfall station,53.65712,-2.049131
561613,Rainfall station,53.663285,-2.180798
562417,Rainfall station,53.60958,-2.440532
562656,Rainfall station,53.539768,-2.35078
562992_,Rainfall station,53.535499,-2.263235
563170,Rainfall station,53.53478,-2.162144
564154,Rainfall station,53.497891,-2.499671
564160,Rainfall station,53.381621,-2.570469
564595,Rainfall station,53.240041,-2.077118
564769,Rainfall station,53.300189,-2.155251
567866,Rainfall station,53.460365,-2.916431
568363,Rainfall station,53.571911,-3.017001
569323,Rainfall station,53.678587,-2.942358
569709,Rainfall station,53.604601,-2.556847
569848,Rainfall station,53.58714,-2.633659
570099,Rainfall station,53.511139,-2.721493
570231,Rainfall station,53.596101,-2.789423
570788,Rainfall station,53.653543,-2.654324
571479,Rainfall station,54.217501,-2.3335
571894,Rainfall station,54.103514,-2.27294
573342,Rainfall station,53.986218,-2.429249
573674,Rainfall station,53.971437,-2.529714
574656,Rainfall station,53.833251,-2.102519
574718,Rainfall station,53.851109,-2.196809
575335,Rainfall station,53.862447,-2.348914
575384,Rainfall station,53.790306,-2.422692
575935,Rainfall station,53.694788,-2.486856
576578,Rainfall station,53.811772,-2.647675
576635,Rainfall station,53.774607,-2.703245
576925,Rainfall station,53.748659,-2.825643
577271,Rainfall station,53.783353,-2.991754
577417,Rainfall station,53.908061,-3.019063
577794,Rainfall station,53.986056,-2.662577
578009,Rainfall station,53.927308,-2.719516
579167,Rainfall station,53.897316,-2.901619
579623,Rainfall station,54.01325,-2.77441
581159,Rainfall station,54.31472,-2.538727
582191,Rainfall station,54.144383,-2.433946
582837,Rainfall station,54.090487,-2.425739
582970,Rainfall station,54.122231,-2.572947
583948,Rainfall station,54.064769,-2.863989
584772,Rainfall station,54.3319,-2.69427
585022,Rainfall station,54.440718,-2.825629
585122,Rainfall station,54.406987,-2.892739
585512,Rainfall station,54.37577,-2.72272
586056,Rainfall station,54.264682,-2.808288
586493,Rainfall station,54.246782,-2.923038
586820,Rainfall station,54.444792,-3.103284
586898,Rainfall station,54.420708,-2.977801
587552,Rainfall station,54.313112,-2.946042
588006,Rainfall station,54.378286,-3.103039
588705,Rainfall station,54.190769,-3.163942
588886,Rainfall station,54.136092,-3.238939
589359,Rainfall station,54.342135,-3.21744
591419,Rainfall station,54.427181,-3.488178
591642,Rainfall station,54.525099,-3.417569
591878,Rainfall station,54.529816,-3.545999
592158,Rainfall station,54.498215,-3.557159
592448,Rainfall station,54.498872,-3.181948
592464,Rainfall station,54.511299,-3.197753
592848,Rainfall station,54.532336,-3.062374
592860,Rainfall station,54.56648,-3.063261
593362,Rainfall station,54.614148,-3.157414
593893,Rainfall station,54.703741,-3.274806
594202,Rainfall station,54.58826,-3.316076
595273,Rainfall station,54.760082,-3.214413
596026,Rainfall station,54.849851,-3.310562
596791,Rainfall station,54.843273,-3.064299
597519,Rainfall station,54.362171,-2.342366
598147,Rainfall station,54.504409,-2.241634
598691,Rainfall station,54.569482,-2.432265
598928,Rainfall station,54.524262,-2.505948
600140,Rainfall station,54.500172,-2.930285
600683,Rainfall station,54.592579,-2.950962
600735,Rainfall station,54.630789,-2.88989
600986,Rainfall station,54.497275,-2.692439
601304,Rainfall station,54.536396,-2.762648
602253,Rainfall station,54.779014,-2.608625
603111,Rainfall station,55.093207,-2.481773
603315,Rainfall station,55.026371,-2.560748
604040,Rainfall station,54.876682,-2.663085
604742,Rainfall station,54.670137,-2.788412
605382,Rainfall station,54.680261,-2.999541
605936,Rainfall station,54.716254,-2.87779
606299,Rainfall station,54.899013,-2.953493
613467,Rainfall station,55.005582,-2.999799
613905,Rainfall station,55.089491,-2.693238
6303,High Bridge LVL,52.423104,-1.431916
720535,Catterall,53.866048,-2.811986
720763,Fleetwood,53.926518,-3.00474
920359,Rainfall station,55.553328,-1.997587
921083,Rainfall station,55.502931,-2.138485
924203,Rainfall station,55.765373,-2.031043
Coldw1,Rainfall station,53.823309,-2.154144
E10000,Rainfall station,50.950807,-0.528647
E10018,PALLINGHAM GS,50.996436,-0.510104
E10120,Rainfall station,51.120939,-0.616127
E1013,Brigsley,53.496174,-0.11262
E10130,Rainfall station,51.185738,-0.408138
E10140,Rainfall station,51.023941,-0.551999
E10170,Cowbridge,53.007414,-0.020733
E10360,Rainfall station,51.037622,-0.899591
E10368,Princes Marsh,51.037463,-0.89988
E10370,Rainfall station,50.999633,-0.78648
E10380,Lodsbridge,50.983264,-0.669759
E10389,Iping Mill,50.999232,-0.786847
E1039,Rainfall station,53.102452,0.317508
E10440,Halfway Bridge,50.992202,-0.674476
E10450,Rainfall station,50.933357,-0.647317
E10500,Rainfall station,51.000801,-0.904738
E10510,Rainfall station,51.053802,-0.642384
E10824,Westbourne,50.861097,-0.928616
E10893,Graylingwell,50.851113,-0.764553
E11040,Rainfall station,50.889075,-0.881768
E11060,Rainfall station,50.853543,-0.666675
E11080,Rainfall station,50.828064,-0.805132
E11090,Bosham Moreton Road,50.831317,-0.857887
E1110,Edenbridge,51.194078,0.065165
E11120,Rainfall station,50.78281,-0.694221
E11191,Rainfall station,50.923464,-0.81265
E11301,North Fareham weir,50.863667,-1.166426
E11321,Crosslands Drive,50.860206,-0.976619
E11350,Browndown,50.791953,-1.170468
E1140,Penshurst,51.172608,0.173074
E1141,PENSHURST GS,51.172777,0.173655
E11461,Rainfall station,50.902688,-1.10472
E1147,Goulceby,53.296901,-0.131922
E11470,Rainfall station,50.852298,-0.990615
E11480,Rainfall station,51.253545,-1.255547
E1162,Lingfield Eden Brook,51.171954,-0.007351
E1163,Heighington Beck,53.212345,-0.44111
E11690,Mislingford,50.923515,-1.162981
E11723,East Meon,50.99496,-1.033579
E1179,Rainfall station,52.456899,-1.052938
E11820,Rainfall station,50.828711,-1.195588
E1187,Kirkby On Bain,53.144196,-0.140051
E1191,Kirkstead Bridge,53.143044,-0.241774
E12020,Frogmill,50.931347,-1.257371
E1203,Langrick Bridge,53.009861,-0.11602
E12160,Rainfall station,50.942234,-1.227791
E12401,Stoneham Lane,50.953881,-1.370394
E12412,Riverside Park,50.935796,-1.368504
E12430,Allbrook weir,50.987637,-1.34415
E12442,Highbridge weir,50.990287,-1.335564
E12450,City Mill,51.061255,-1.307865
E12470,Wharf Mill,51.0582,-1.308338
E12483,Bishopstoke,50.969991,-1.33715
E12520,Chandler's Ford,50.983422,-1.382474
E1253,Tallington,52.656869,-0.382584
E12551,Borough Bridge weir,51.087739,-1.189248
E12560,Rainfall station,51.006173,-1.114132
E12570,Rainfall station,51.008538,-1.335019
E12580,Rainfall station,51.089429,-1.328148
E12781,Sewards Bridge,51.086429,-1.181847
E12791,Drove Lane 1.5,51.089282,-1.180897
E12801,Drove Lane,51.090021,-1.181212
E12810,West Meon,51.01114,-1.07498
E12821,Rainfall station,51.085476,-1.13689
E1290,Rainfall station,51.236919,-0.046806
E1299,North Witham,52.784469,-0.626388
E1300,Rainfall station,51.141861,-0.009362
E1310,Weldon Flood Storage Reservoir,52.493886,-0.649292
E1320,Rainfall station,51.202399,0.077705
E13261,Rainfall station,50.788809,-1.033124
E13271,Romsey Botley Road,50.989153,-1.48518
E13281,Millbrook,50.919652,-1.447963
E13291,Ower,50.955026,-1.534134
E13301,Bossington,51.080218,-1.523543
E13363,Longbridge,50.957997,-1.495975
E13404,Conagar Bridge,50.941207,-1.495758
E13480,Fishlake,50.997377,-1.496618
E13533,Stockbridge Side,51.115199,-1.495968
E13560,Rainfall station,50.993139,-1.491976
E13580,Rainfall station,51.103128,-1.562184
E13590,Rainfall station,50.953747,-1.533691
E13600,Rainfall station,50.880106,-1.558591
E1363,Bedford Road Sluice,52.229163,-0.868182
E13810,Wherwell,51.166603,-1.441818
E13823,Chilbolton Side,51.152223,-1.450813
E13840,Hurstbourne Priors,51.213634,-1.369723
E13851,Bransbury,51.177844,-1.39845
E13951,Fullerton Main,51.15131,-1.459531
E13961,Fullerton Side,51.152158,-1.460093
E13980,Rainfall station,51.218761,-1.473747
E140,Maidstone,51.271553,0.518493
E1406,Stamp End Sluice,53.228743,-0.528903
E14080,Rainfall station,51.252655,-1.256994
E14250,New Valley Road,50.727478,-1.599044
E14261,Chewton Glen,50.745533,-1.683293
E14270,Brockenhurst,50.815958,-1.550253
E1435,Barton on Humber,53.689056,-0.441274
E14420,Rainfall station,50.824355,-1.559116
E14430,Rainfall station,50.760875,-1.670302
E14440,Rainfall station,50.744376,-1.57404
E14530,Meerut Road,50.824241,-1.576864
E1457,Rainfall station,53.275431,-0.63753
E14670,Gurnard,50.755479,-1.333222
E14722,Burnt House,50.664649,-1.176646
E14741,Atherfield,50.61912,-1.353938
E14811,Carisbrook Mill,50.695451,-1.305261
E14821,Budbridge,50.649055,-1.249848
E14850,Rainfall station,50.626578,-1.225903
E14880,Rainfall station,50.671665,-1.399223
E14893,Rainfall station,50.754772,-1.304596
E14900,Rainfall station,50.677559,-1.505295
E14910,Rainfall station,50.722216,-1.142162
E14920,Rainfall station,50.691845,-1.308358
E14930,Rainfall station,50.623497,-1.307947
E14940,Rainfall station,50.681247,-1.198111
E1502,Market Rasen,53.38885,-0.330909
E15060,Monkton Mead,50.729406,-1.152672
E1521,Duston Mill,52.227978,-0.934098
E15230,Westerham,51.266809,0.065457
E15240,Otford,51.304292,0.18632
E15250,Hawley,51.423959,0.230865
E15260,Crayford,51.450401,0.173287
E15280,Lamorbey Park,51.440152,0.113674
E1530,Summerford Bridge,51.107299,0.139866
E1533,Fotheringhay,52.526819,-0.428685
E15350,Hall Place,51.445998,0.158543
E1541,Chafford,51.144544,0.168468
E1550,Town Lock,51.194615,0.278452
E15500,Rainfall station,51.435174,0.135731
E15510,Rainfall station,51.307175,0.102521
E15520,Rainfall station,51.395266,0.296316
E1560,Forest Row,51.095381,0.052195
E15720,Rainfall station,51.291987,0.195058
E1594,Bracebridge,53.202079,-0.553771
E160,Rainfall station,51.384733,0.626364
E1606,Rainfall station,52.930882,-0.4014
E1608,Brayford Pool,53.229862,-0.546842
E16120,LUCIFER BRIDGE GS,51.195997,0.254903
E1613,Rainfall station,53.397417,-0.269659
E1633,Brigstock,52.45855,-0.611724
E1645,Rainfall station,53.664551,-0.343494
E1660,Geldharts Mill,52.271031,-0.922807
E1662,Donington Bridge,52.90501,-0.255888
E1672,Fosdyke Jetty,53.23087,-0.555797
E1675,Wainfleet,53.10346,0.23181
E1681,Rainfall station,51.067661,0.215829
E1691,Rainfall station,51.100206,0.007416
E1696,River Freshney Grimsby,53.574576,-0.108253
E1700,Rainfall station,51.046446,0.196269
E1716,Rainfall station,52.434206,-0.92251
E1727,Horseshoe Bridge,53.113634,-0.600069
E1742,Laceby,53.546656,-0.159656
E1780,North Hykeham,53.176218,-0.5711
E1782,Litte Bowden Flood Storage Reservoir,52.470494,-0.909111
E1788,Partney,53.187011,0.096794
E1815,Rainfall station,53.041102,-0.374951
E1835,Squires Bridge,53.329892,-0.644055
E1839,Horncastle Banks Road,53.208433,-0.108817
E1880,Yalding Hamstead Lock,51.227207,0.414329
E1890,Lamberhurst,51.1015,0.392574
E1901,nan,,
E19017,Rainfall station,52.058925,0.296651
E19023,Biggleswade,52.085111,-0.267906
E19027,Alconbury Weston,52.377001,-0.269421
E19031,Comberton,52.175048,0.01962
E19035,Bin Brook,52.197227,0.087527
E1908,Rainfall station,53.316679,-0.344986
E1928,Rainfall station,53.135319,-0.008131
E1946,Kislingbury,52.231962,-0.97793
E1965,Rainfall station,52.5771,-0.125035
E1966,Rainfall station,52.5771,-0.125035
E1971,Rainfall station,52.452473,-0.605675
E1976,Rainfall station,52.615107,-0.675844
E1980,Rainfall station,52.24053,-1.091234
E2040,Rainfall station,51.138337,0.459382
E2043,Surfleet Sluice,52.845991,-0.100848
E2050,Rainfall station,51.098285,0.395836
E2062,Islip Sluice,52.401841,-0.5448
E2097,Market Harborough,52.476009,-0.922226
E21018,Rainfall station,51.587908,0.506691
E21034,Castle Mill,52.145596,-0.405558
E2105,Wansford,52.584341,-0.404444
E21096,Rainfall station,52.583985,0.346152
E21136,Hemingford,52.323618,-0.101287
E21163,Houghton,52.330674,-0.120798
E21179,Rainfall station,51.636308,0.385069
E2119,Cogenhoe,52.246264,-0.779863
E21234,Rainfall station,52.633846,1.556421
E2125,Lilford,52.442977,-0.492641
E21270,Turvey,52.160107,-0.63018
E21288,Rainfall station,52.447056,1.60611
E21324,Covington,52.314257,-0.444982
E21325,Olney,52.147499,-0.708027
E21326,Rainfall station,52.428551,-0.353448
E21335,Rainfall station,52.132397,-0.953181
E2141,Tixover,52.587333,-0.568186
E21493,Passenham,52.049192,-0.852318
E21589,Rainfall station,52.080162,1.29614
E21602,Rainfall station,51.733425,0.429285
E21609,Bedford,52.133733,-0.460042
E21637,Rainfall station,52.269301,0.00265
E21732,Cambridge Byron's Pool,52.171412,0.099158
E21747,Earith,52.354128,0.03732
E21788,Hamerton,52.428112,-0.3542
E21836,Corpusty,52.830878,1.126258
E21838,Little Ouse,52.453082,0.545246
E21852,Boxford,52.028438,0.858403
E21856,Bures Bridge,51.972195,0.774544
E21862,Hail Weston,52.253951,-0.309376
E21870,Rainfall station,52.684352,0.927128
E21968,Webbs Hole Sluice,52.320879,-0.002271
E22006,Low Street,52.612011,1.01713
E22008,Stone Road Farm,52.669401,0.995655
E22022,Shalford,51.938949,0.502982
E22078,Wendling Beck,52.681119,0.893649
E22088,Haversham,52.073044,-0.805148
E22137,Wimpole,52.118971,-0.054461
E22176,Sicklesmere,52.212963,0.746693
E22205,Rainfall station,52.121748,-0.215784
E22218,Rainfall station,52.295794,-0.512351
E2223,St Andrews Mill,52.244802,-0.905866
E22231,Rainfall station,51.999613,-0.629985
E22244,Rainfall station,52.202674,-0.045714
E22268,Rainfall station,52.041145,0.142627
E22283,Rainfall station,52.402761,0.279187
E22309,Rainfall station,52.426228,0.740815
E22322,Rainfall station,52.227467,0.741731
E22377,Milton Keynes,52.06301,-0.710466
E22400,Rainfall station,52.177103,0.456319
E22486,Rainfall station,51.990419,0.395105
E2261,Stilebridge,51.202357,0.515045
E22683,Rainfall station,51.971772,0.940138
E2270,Smarden,51.148275,0.682267
E2273,Barford Bridge,52.43909,-0.734823
E22735,Rainfall station,51.998223,0.579089
E2285,Dodford,52.240918,-1.083171
E22876,Rainfall station,51.736858,0.480165
E2296,Ashley,52.515233,-0.794532
E2316,Rainfall station,52.810264,-0.528974
E23205,Rainfall station,52.470804,1.73914
E2331,Rainfall station,52.473204,-0.862668
E23392,Rainfall station,52.835301,0.858574
E23420,Rainfall station,52.77483,1.151185
E23440,Rainfall station,52.825263,1.408721
E23470,Rainfall station,52.191671,1.4844
E23487,Rainfall station,52.153042,1.061731
E23500,FENCE BRIDGE GATE RL,,
E23518,Rainfall station,52.603459,1.16988
E23527,Ely,52.399868,0.289328
E23633,Rainfall station,51.996269,-0.242627
E23646,Rainfall station,52.571992,0.124144
E2365,Rainfall station,52.632078,-0.313309
E23717,Rainfall station,52.132732,-0.418436
E23726,Brackley,52.031808,-1.132641
E23740,Setchey Bridge,52.694217,0.419367
E2382,Rainfall station,52.332215,-0.788506
E23956,Ousden,52.206315,0.520869
E2400,Rainfall station,51.096946,0.544313
E2410,Rainfall station,51.204793,0.588909
E2416,Rainfall station,52.808243,-0.129942
E24187,Rainfall station,52.218546,1.268312
E24195,Rainfall station,52.103622,0.807145
E2420,Rainfall station,51.130083,0.749109
E24238,Rainfall station,52.323011,-0.206231
E24255,Brownshill,52.335738,0.008586
E24267,St Ives,52.317315,-0.072946
E24289,Rainfall station,52.172202,0.251294
E24302,Godmanchester,52.318507,-0.176335
E24317,Eaton Socon,52.21309,-0.281653
E24319,Thetford Coffee Mill Sluice,52.415589,0.734272
E2433,Rainfall station,52.296783,-0.670693
E24367,Offord,52.27627,-0.223832
E24451,Sharnbrook,52.219934,-0.521475
E24506,Rainfall station,52.898685,0.4791
E2463,Rainfall station,52.665732,-0.158215
E24632,Rainfall station,52.342401,-0.067451
E24703,Rainfall station,52.023252,-1.13062
E24712,Rainfall station,52.016759,-0.488107
E24718,Rainfall station,52.29472,0.332298
E24727,Rainfall station,52.7599,0.536425
E24732,Rainfall station,52.516458,0.988183
E24737,Rainfall station,52.32454,0.894501
E24746,Rainfall station,52.089557,-0.0565
E24751,Rainfall station,52.46533,0.054229
E24756,Rainfall station,52.494069,1.157581
E2476,Rainfall station,52.252632,-1.146653
E24763,Rainfall station,51.949875,-0.766824
E24767,Rainfall station,52.323479,1.278981
E24775,Rainfall station,52.40222,1.542157
E24790,Rainfall station,52.409069,1.30592
E24795,Debenham,52.232016,1.183613
E24805,Bourn Brook,52.192643,-0.064443
E24806,Bourton Grounds,51.991569,-0.939719
E24807,Reedham,52.559314,1.570041
E24814,Diss,52.371419,1.099743
E24815,Framlingham,52.230723,1.344041
E24819,Huntingfield,52.318638,1.425054
E24821,Kings Ripton,52.373829,-0.149082
E24829,Riseley,52.249147,-0.485347
E24830,Saxmundham,52.217851,1.492103
E24847,Rainfall station,51.889291,0.584473
E24854,Rainfall station,51.623807,0.826545
E24863,Rainfall station,51.857943,0.698866
E24865,Rainfall station,51.733867,0.736365
E24874,Rainfall station,51.906849,1.087118
E24879,Rainfall station,51.616598,0.593505
E24884,Rainfall station,51.683977,0.715993
E24889,Rainfall station,52.35513,1.431153
E24894,Rainfall station,51.890899,1.212487
E24899,Mountnessing,51.648181,0.346098
E24901,Rainfall station,51.793116,0.963307
E24908,Rainfall station,51.584133,0.637851
E24913,Rainfall station,51.815014,0.765948
E24920,Rainfall station,51.532357,0.738679
E2493,Rainfall station,52.814,0.01276
E24930,Rainfall station,51.820817,1.005761
E24935,Rainfall station,51.702642,0.87633
E24940,Rainfall station,51.835947,0.597384
E24947,Rainfall station,52.165978,0.556609
E24952,Rainfall station,51.743647,0.324082
E24957,Rainfall station,52.101218,0.906298
E25033,Rainfall station,53.449299,0.032134
E25041,Rainfall station,52.786909,-0.264322
E25051,Rainfall station,53.235003,0.102885
E25055,Buckingham,51.998052,-0.992004
E2510,Rainfall station,52.535424,-0.981957
E25173,Rainfall station,52.703292,0.697456
E2527,Rainfall station,52.191056,-1.087854
E2544,Rainfall station,52.495753,-0.470258
E2578,Rainfall station,52.890974,-0.512865
E2608,Market Deeping,52.671948,-0.303639
E2613,Deeping St James,52.666216,-0.280199
E26212,Rainfall station,51.93437,-0.252319
E2647,Hudds Mill,52.654318,-0.461033
E2655,"Old Mill Bridge, Lowick",52.408276,-0.556349
E2694,Little Bytham,52.748345,-0.50217
E270,Rainfall station,51.321154,0.447621
E2710,Manthorpe,52.731094,-0.419825
E2734,Fosters Bridge,52.616269,-0.582013
E27594,Rainfall station,52.735167,-0.4219
E27601,Rainfall station,51.530977,0.519422
E27621,Rainfall station,51.542522,0.567655
E27675,Wardropers,51.644879,0.396505
E2790,Brigg,53.550068,-0.501979
E2814,Lincoln Monson Street,53.221702,-0.541127
E2846,Bishopbridge,53.406624,-0.44906
E2859,Rainfall station,52.890503,-0.622875
E2862,Saltersford,52.890978,-0.62509
E2896,Irnham,52.833221,-0.460655
E2900,nan,,
E2901,Claypole,53.022669,-0.746145
E2902,Fiskerton Sluice,53.226658,-0.368683
E29202,Hardham,50.949713,-0.529578
E3003,Kates Bridge,52.720446,-0.363945
E3220,Rainfall station,51.350566,0.74362
E3240,Rainfall station,51.389586,0.842268
E3281,Rainfall station,51.324099,0.908555
E3401,Littlebourne,51.273987,1.168823
E3474,Rainfall station,51.322006,1.228535
E37051,Rainfall station,51.732496,0.516133
E37081,Rainfall station,52.84066,1.075753
E37151,Rainfall station,51.904776,0.848521
E37241,Rainfall station,51.94816,0.481622
E37271,Rainfall station,52.049494,0.452229
E37291,Rainfall station,52.013331,0.746104
E3951,Horton weir,51.257785,1.030079
E3966,Vauxhall Bridge,51.296693,1.105983
E40411,Bardney,53.213749,-0.345212
E4060,Bekesbourne,51.258144,1.145929
E40684,Brandy Wharf,53.460884,-0.474196
E4080,Rainfall station,51.258867,1.033447
E4090,Rainfall station,51.297928,1.053239
E41311,Rainfall station,51.520749,0.616886
E41647,Nene Valley,52.236777,-0.839447
E42124,South Bridge,52.230338,-0.897436
E42135,Rainfall station,53.232468,-0.366215
E4225,Hougham,52.986895,-0.680145
E42297,Rainfall station,52.061887,0.546282
E427,Allington Lock,51.295161,0.507204
E42961,Rainfall station,52.945882,0.745281
E42971,Rainfall station,52.181011,0.952464
E42981,Rainfall station,52.554012,1.032047
E42991,Rainfall station,52.558433,1.367321
E4321,Hothfield Upstream,51.157688,0.815185
E4330,Chart Leacon,51.145063,0.846976
E4341,Wye,51.184588,0.930529
E4351,Aldington Upstream,51.105167,0.948046
E43545,Rainfall station,53.2518,-0.151126
E4370,Brown Mill,51.171609,0.799508
E4402,White Water Dyke,51.121217,0.85627
E4403,Chapel Hill,53.070452,-0.196967
E4405,Cranwell Line Sluice,53.00001,-0.427906
E44081,Rainfall station,52.060314,0.493671
E44091,Rainfall station,51.964319,0.607714
E44101,Rainfall station,51.793436,0.648601
E4411,Slea Tilting Gate,52.998853,-0.408576
E44111,Rainfall station,51.874052,0.368575
E4412,Aylesford Stream,51.133674,0.880127
E44121,Rainfall station,51.931385,0.712001
E4413,New York,53.081293,-0.140778
E4420,SOUTH WILLESBOROUGH GS,51.130148,0.878664
E4427,Wootton Park,52.212737,-0.938853
E4482,Castle Bytham,52.755941,-0.534509
E4483,Billingborough Ousemere,52.89634,-0.340975
E4485,Swaton,52.922105,-0.319165
E4500,Rainfall station,51.154584,0.889296
E4510,Rainfall station,51.105558,0.979102
E4520,Rainfall station,51.225958,0.726173
E4530,Rainfall station,51.156945,1.009589
E4540,Rainfall station,51.202987,0.784947
E45811,Rainfall station,53.497914,-0.196218
E45871,Rainfall station,53.676809,-0.524692
E45881,Rainfall station,53.219937,-0.507486
E46059,Rattlesden,52.192763,0.889367
E46061,Rainfall station,53.546796,-0.159424
E46161,Rainfall station,51.511603,0.583211
E46331,Rainfall station,53.248384,0.004612
E46341,Rainfall station,52.538018,-0.337559
E46361,Rainfall station,52.939919,-0.043906
E46612,Rainfall station,53.346199,0.015208
E47041,Oakington,52.255096,0.055885
E47050,Girton,52.243719,0.07758
E47061,Dowsby Fen,52.849491,-0.275979
E47251,Ruskington Beck,53.048222,-0.396166
E4753,Rainfall station,51.160348,1.119955
E4803,Billinghay,53.077892,-0.274288
E4823,Great Easton Flood Storage Reservoir,52.529248,-0.758769
E4826,Little Bridge,52.568529,-0.123188
E4828,Medbourne Flood Storage Reservoir,52.546177,-0.832027
E4832,Weedon,52.229209,-1.080484
E4850,Rainfall station,51.359322,1.403568
E48676,Rainfall station,52.307124,1.153055
E4976,Revesby,53.125717,-0.052667
E5080,Crabble Mill,51.140192,1.287219
E5170,Rainfall station,51.117863,1.194265
E5320,Toynton Fenside,53.144479,0.086945
E5451,Rainfall station,51.007531,0.978517
E560,Hartlake Bridge,51.201686,0.330336
E5640,Rainfall station,51.05909,0.821971
E5660,Rainfall station,51.083056,0.871982
E5670,Rainfall station,50.943595,0.945951
E5720,Rainfall station,53.306737,-0.547985
E5721,Rainfall station,53.175194,-0.524002
E5722,Rainfall station,53.031102,-0.503575
E5723,Rainfall station,53.093909,-0.172837
E5724,Rainfall station,53.088074,0.270439
E5726,Rainfall station,52.611622,-0.461792
E5727,Rainfall station,52.872934,0.138821
E5728,Rainfall station,52.651369,0.565622
E5729,Rainfall station,52.949162,1.122162
E5731,Rainfall station,52.226854,-0.464875
E5732,Rainfall station,52.124227,0.957474
E5733,Rainfall station,51.895742,0.451114
E5734,Rainfall station,51.554554,0.826576
E581,Allington Marina,51.291026,0.511282
E5852,Udiam,50.991816,0.524378
E60101,Cambridge Baits Bite,52.236542,0.176925
E60201,Barton Mills Sluice,52.335121,0.531859
E603,Hadlow,51.222555,0.334684
E60501,Cambridge Jesus Lock,52.212835,0.120872
E60701,Stony Stratford,52.053714,-0.855119
E60901,Thornborough,52.011485,-0.9309
E61101,St Neots,52.242947,-0.263656
E61201,Brampton Sluice,52.319854,-0.205625
E6140,Hundred House Bridge,50.950221,0.630976
E61901,Towcester,52.135918,-0.996201
E6270,Rainfall station,51.032353,0.577858
E6280,Rainfall station,50.931554,0.580819
E6380,SCOTS FLOAT SLUICE RL,50.989632,0.75505
E6381,SCOTS FLOAT SLUICE RL,50.989632,0.75505
E642,Teston,51.250834,0.447181
E651,Colliers Land Bridge,51.150722,0.174763
E6520,Winchelsea Strand Bridge,50.923434,0.72054
E65501,Marsh Road Sluice,52.799742,-0.132532
E6600,Burwash,50.990993,0.390419
E6621,CROWHURST WEIR,51.01189,0.398508
E6642,Browns Bridge,50.981447,0.468833
E670,East Farleigh Gate Upstream,51.254622,0.485076
E6760,Rainfall station,51.028745,0.275298
E6770,Rainfall station,50.965787,0.453104
E6780,Rainfall station,50.885427,0.672112
E7040,Rainfall station,53.371241,-0.684077
E7045,Rainfall station,52.185547,-0.867095
E7050,Crowhurst,50.878052,0.500069
E7055,Rainfall station,52.327013,-1.00142
E7061,HAMMERWOOD BRIDGE GS,50.90222,0.393649
E7065,Rainfall station,52.56456,-0.5077
E7070,Rainfall station,52.207563,-0.73336
E7071,HENLEY BRIDGE GS,50.899199,0.375972
E7075,Rainfall station,52.490034,-0.666347
E7083,COOMBE BRIDGE GS,50.896388,0.412165
E7091,TILLEY BRIDGE GS,50.89145,0.361642
E7095,Rainfall station,53.326702,-0.11185
E7105,Rainfall station,53.359329,-0.017234
E7130,Rainfall station,53.534467,-0.499466
E7135,Rainfall station,53.572235,-0.236854
E714,Hendal Bridge,51.108316,0.172486
E7155,Rainfall station,52.645246,-0.420704
E7160,Rainfall station,52.649303,-0.762024
E7165,Rainfall station,52.766451,-0.623828
E7170,Rainfall station,53.077492,-0.622888
E7180,Rainfall station,50.903167,0.47968
E7190,Rainfall station,50.811276,0.219288
E7200,Rainfall station,52.555577,-0.828089
E7260,Rainfall station,50.8635,0.56711
E7270,Rainfall station,50.890762,0.554388
E7295,Rainfall station,50.814838,0.358583
E7420,Rainfall station,50.788104,0.060701
E7780,Rainfall station,50.80213,0.081187
E7842,Cowbeech,50.912658,0.290758
E8001,Leabridge,50.895273,0.24023
E802,Rainfall station,51.194952,0.237676
E8020,Rainfall station,50.91155,0.289494
E8030,Rainfall station,50.99015,0.128061
E8040,Rainfall station,50.930862,0.267671
E8190,Buxted,50.989456,0.127659
E8210,Freshfield Bridge,51.002867,-0.027718
E8221,Goldbridge,50.975187,0.034071
E8241,ARDINGLY SHELLBROOK GS,51.041711,-0.097823
E8266,Ardingly,51.038451,-0.100268
E8290,Rainfall station,51.434974,-0.353451
E8293,Isfield weir,50.951995,0.074349
E8340,Lindfield Bridge,51.021082,-0.073715
E8350,Scrasebridge,51.006255,-0.079888
E8360,Uckfield Mill upstream,50.968752,0.097884
E8480,Rainfall station,50.991504,0.152348
E8500,Rainfall station,51.066083,-0.159624
E8510,Rainfall station,50.90639,-0.072052
E8520,Rainfall station,51.039914,-0.097897
E8530,Rainfall station,50.913393,0.044891
E8560,BUILDER CENTRE GRILL,51.007923,-0.096141
E861,Bartley Mill,51.097082,0.330342
E8654,Barcombe Gates,50.91492,0.038854
E871,Rainfall station,51.274484,0.217164
E8743,Rainfall station,50.853435,-0.133909
E8770,Rainfall station,50.893868,0.081008
E901,Rainfall station,51.15203,0.176969
E911,Rainfall station,51.372501,0.217586
E9130,Sakeham Weir,50.957409,-0.265959
E9140,Beeding Bridge,50.882836,-0.306828
E921,Park Farm,51.275499,0.095139
E9340,Rainfall station,50.986805,-0.268198
E9350,Rainfall station,50.999283,-0.143741
E9360,Rainfall station,50.929113,-0.384184
E9510,Ferring Outfall,50.803264,-0.452563
E9660,Rainfall station,50.929364,-0.469557
E9720,Rainfall station,50.860296,-0.483186
E9883,Alfoldean,51.086792,-0.406225
E9890,Drungewick,51.067869,-0.488686
E9920,Pulborough Swan Bridge,50.956335,-0.513508
E9941,Brewhurst Mill,51.069575,-0.509483
EdgeH1,Rainfall station,53.560463,-2.873303
L2312,Park Bridge,54.408693,-2.177133
L3211,Hessle,53.719075,-0.434087
Mitch1,Rainfall station,53.742978,-2.323663
PCHURCH_TG_342,Peterchurch,52.041372,-2.955501
SE730,LENSIDE GS,51.272544,0.525902
VCHURCH-T_TG_341,Rainfall station,52.023749,-2.92175
